('192.168.70.129', 54580, '12.1.1.158', 10000);('192.168.70.129', 54580, '12.1.1.158', 10000);('192.168.70.129', 54580, '12.1.1.158', 10000);('192.168.70.129', 34890, '12.1.1.158', 10001);('192.168.70.129', 34890, '12.1.1.158', 10001);('192.168.70.129', 34890, '12.1.1.158', 10001);total;total;total;
1685948848.15207;1;27;1685948848.15207;1;13;1685948848.15207;7;55;
1685948848.35207;0;34;1685948848.35207;0;52;1685948848.35207;1;87;
1685948848.5520701;0;30;1685948848.5520701;0;80;1685948848.5520701;0;110;
1685948848.7520702;0;32;1685948848.7520702;0;101;1685948848.7520702;0;133;
1685948848.9520702;0;34;1685948848.9520702;0;110;1685948848.9520702;0;144;
1685948849.1520703;0;0;1685948849.1520703;0;148;1685948849.1520703;0;148;
1685948849.3520703;0;35;1685948849.3520703;0;126;1685948849.3520703;0;161;
1685948849.5520704;0;0;1685948849.5520704;0;154;1685948849.5520704;0;154;
1685948849.7520704;0;0;1685948849.7520704;0;145;1685948849.7520704;0;145;
1685948849.9520705;0;0;1685948849.9520705;0;177;1685948849.9520705;0;177;
1685948850.1520705;0;28;1685948850.1520705;0;138;1685948850.1520705;0;166;
1685948850.3520706;0;9;1685948850.3520706;0;139;1685948850.3520706;0;148;
1685948850.5520706;0;0;1685948850.5520706;0;129;1685948850.5520706;0;129;
1685948850.7520707;0;0;1685948850.7520707;0;115;1685948850.7520707;0;115;
1685948850.9520707;0;0;1685948850.9520707;0;124;1685948850.9520707;0;124;
1685948851.1520708;0;0;1685948851.1520708;0;124;1685948851.1520708;0;124;
1685948851.3520708;0;0;1685948851.3520708;0;119;1685948851.3520708;0;119;
1685948851.5520709;0;0;1685948851.5520709;0;120;1685948851.5520709;0;120;
1685948851.752071;0;0;1685948851.752071;0;119;1685948851.752071;0;119;
1685948851.952071;0;0;1685948851.952071;0;119;1685948851.952071;0;119;
1685948852.152071;0;28;1685948852.152071;0;91;1685948852.152071;0;119;
1685948852.352071;0;10;1685948852.352071;0;111;1685948852.352071;0;121;
1685948852.552071;0;0;1685948852.552071;0;121;1685948852.552071;0;121;
1685948852.7520711;0;1;1685948852.7520711;0;124;1685948852.7520711;0;125;
1685948852.9520712;0;0;1685948852.9520712;0;119;1685948852.9520712;0;119;
1685948853.1520712;0;0;1685948853.1520712;0;122;1685948853.1520712;0;122;
1685948853.3520713;0;0;1685948853.3520713;0;131;1685948853.3520713;0;131;
1685948853.5520713;0;0;1685948853.5520713;0;116;1685948853.5520713;0;116;
1685948853.7520714;0;0;1685948853.7520714;0;127;1685948853.7520714;0;127;
1685948853.9520714;0;0;1685948853.9520714;0;124;1685948853.9520714;0;124;
1685948854.1520715;0;0;1685948854.1520715;0;125;1685948854.1520715;0;125;
1685948854.3520715;0;0;1685948854.3520715;0;119;1685948854.3520715;0;119;
1685948854.5520716;0;0;1685948854.5520716;0;123;1685948854.5520716;0;123;
1685948854.7520716;0;49;1685948854.7520716;0;66;1685948854.7520716;0;115;
1685948854.9520717;0;0;1685948854.9520717;0;107;1685948854.9520717;0;107;
1685948855.1520717;0;0;1685948855.1520717;0;120;1685948855.1520717;0;120;
1685948855.3520718;0;0;1685948855.3520718;0;106;1685948855.3520718;0;106;
1685948855.5520718;0;0;1685948855.5520718;0;122;1685948855.5520718;0;122;
1685948855.7520719;0;0;1685948855.7520719;0;106;1685948855.7520719;0;106;
1685948855.952072;0;0;1685948855.952072;0;101;1685948855.952072;0;101;
1685948856.152072;0;0;1685948856.152072;0;103;1685948856.152072;0;103;
1685948856.352072;0;0;1685948856.352072;0;95;1685948856.352072;0;95;
1685948856.552072;0;0;1685948856.552072;0;94;1685948856.552072;0;94;
1685948856.752072;0;0;1685948856.752072;0;95;1685948856.752072;0;95;
1685948856.9520721;0;0;1685948856.9520721;0;94;1685948856.9520721;0;94;
1685948857.1520722;0;67;1685948857.1520722;0;28;1685948857.1520722;0;95;
1685948857.3520722;0;7;1685948857.3520722;0;103;1685948857.3520722;0;110;
1685948857.5520723;0;0;1685948857.5520723;0;112;1685948857.5520723;0;112;
1685948857.7520723;0;0;1685948857.7520723;0;116;1685948857.7520723;0;116;
1685948857.9520724;0;0;1685948857.9520724;0;124;1685948857.9520724;0;124;
1685948858.1520724;0;0;1685948858.1520724;0;135;1685948858.1520724;0;135;
1685948858.3520725;0;41;1685948858.3520725;0;86;1685948858.3520725;0;127;
1685948858.5520725;0;70;1685948858.5520725;0;62;1685948858.5520725;0;132;
1685948858.7520726;0;0;1685948858.7520726;0;127;1685948858.7520726;0;127;
1685948858.9520726;0;0;1685948858.9520726;0;144;1685948858.9520726;0;144;
1685948859.1520727;0;0;1685948859.1520727;0;135;1685948859.1520727;0;135;
1685948859.3520727;0;0;1685948859.3520727;0;140;1685948859.3520727;0;140;
1685948859.5520728;0;0;1685948859.5520728;0;140;1685948859.5520728;0;140;
1685948859.7520728;0;0;1685948859.7520728;0;142;1685948859.7520728;0;142;
1685948859.9520729;0;0;1685948859.9520729;0;158;1685948859.9520729;0;158;
1685948860.152073;0;0;1685948860.152073;0;184;1685948860.152073;0;184;
1685948860.352073;0;0;1685948860.352073;0;187;1685948860.352073;0;187;
1685948860.552073;0;0;1685948860.552073;0;172;1685948860.552073;0;172;
1685948860.752073;0;0;1685948860.752073;0;182;1685948860.752073;0;182;
1685948860.952073;0;149;1685948860.952073;0;38;1685948860.952073;0;187;
1685948861.1520731;0;18;1685948861.1520731;0;174;1685948861.1520731;0;192;
1685948861.3520732;0;0;1685948861.3520732;0;191;1685948861.3520732;0;191;
1685948861.5520732;0;0;1685948861.5520732;0;190;1685948861.5520732;0;190;
1685948861.7520733;0;0;1685948861.7520733;0;168;1685948861.7520733;0;168;
1685948861.9520733;0;0;1685948861.9520733;0;153;1685948861.9520733;0;153;
1685948862.1520734;0;0;1685948862.1520734;0;126;1685948862.1520734;0;126;
1685948862.3520734;0;0;1685948862.3520734;0;115;1685948862.3520734;0;115;
1685948862.5520735;0;0;1685948862.5520735;0;112;1685948862.5520735;0;112;
1685948862.7520735;0;82;1685948862.7520735;0;24;1685948862.7520735;0;106;
1685948862.9520736;0;106;1685948862.9520736;0;0;1685948862.9520736;0;106;
1685948863.1520736;0;62;1685948863.1520736;0;44;1685948863.1520736;0;106;
1685948863.3520737;0;0;1685948863.3520737;0;106;1685948863.3520737;0;106;
1685948863.5520737;0;0;1685948863.5520737;0;106;1685948863.5520737;0;106;
1685948863.7520738;0;0;1685948863.7520738;0;111;1685948863.7520738;0;111;
1685948863.9520738;0;0;1685948863.9520738;0;134;1685948863.9520738;0;134;
1685948864.1520739;0;0;1685948864.1520739;0;145;1685948864.1520739;0;145;
1685948864.352074;0;0;1685948864.352074;0;149;1685948864.352074;0;149;
1685948864.552074;0;92;1685948864.552074;0;58;1685948864.552074;0;150;
1685948864.752074;0;178;1685948864.752074;0;0;1685948864.752074;0;178;
1685948864.952074;0;105;1685948864.952074;0;61;1685948864.952074;0;166;
1685948865.152074;0;0;1685948865.152074;0;145;1685948865.152074;0;145;
1685948865.3520741;0;0;1685948865.3520741;0;176;1685948865.3520741;0;176;
1685948865.5520742;0;0;1685948865.5520742;0;176;1685948865.5520742;0;176;
1685948865.7520742;0;0;1685948865.7520742;0;182;1685948865.7520742;0;182;
1685948865.9520743;0;0;1685948865.9520743;0;181;1685948865.9520743;0;181;
1685948866.1520743;0;126;1685948866.1520743;0;46;1685948866.1520743;0;172;
1685948866.3520744;0;184;1685948866.3520744;0;0;1685948866.3520744;0;184;
1685948866.5520744;0;180;1685948866.5520744;0;0;1685948866.5520744;0;180;
1685948866.7520745;0;73;1685948866.7520745;0;102;1685948866.7520745;0;175;
1685948866.9520745;0;0;1685948866.9520745;0;179;1685948866.9520745;0;179;
1685948867.1520746;0;0;1685948867.1520746;0;172;1685948867.1520746;0;172;
1685948867.3520746;0;0;1685948867.3520746;0;186;1685948867.3520746;0;186;
1685948867.5520747;0;0;1685948867.5520747;0;184;1685948867.5520747;0;184;
1685948867.7520747;0;33;1685948867.7520747;0;143;1685948867.7520747;0;176;
1685948867.9520748;0;176;1685948867.9520748;0;0;1685948867.9520748;0;176;
1685948868.1520748;0;162;1685948868.1520748;0;0;1685948868.1520748;0;162;
1685948868.3520749;0;174;1685948868.3520749;0;0;1685948868.3520749;0;174;
1685948868.552075;0;166;1685948868.552075;0;0;1685948868.552075;0;166;
1685948868.752075;0;133;1685948868.752075;0;41;1685948868.752075;0;174;
1685948868.952075;0;0;1685948868.952075;0;179;1685948868.952075;0;179;
1685948869.152075;0;0;1685948869.152075;0;173;1685948869.152075;0;173;
1685948869.352075;0;0;1685948869.352075;0;178;1685948869.352075;0;178;
1685948869.5520751;0;0;1685948869.5520751;0;179;1685948869.5520751;0;179;
1685948869.7520752;0;0;1685948869.7520752;0;177;1685948869.7520752;0;177;
1685948869.9520752;0;127;1685948869.9520752;0;40;1685948869.9520752;0;167;
1685948870.1520753;0;176;1685948870.1520753;0;0;1685948870.1520753;0;176;
1685948870.3520753;0;164;1685948870.3520753;0;0;1685948870.3520753;0;164;
1685948870.5520754;0;171;1685948870.5520754;0;0;1685948870.5520754;0;171;
1685948870.7520754;0;178;1685948870.7520754;0;0;1685948870.7520754;0;178;
1685948870.9520755;0;173;1685948870.9520755;0;0;1685948870.9520755;0;173;
1685948871.1520755;0;183;1685948871.1520755;0;0;1685948871.1520755;0;183;
1685948871.3520756;0;94;1685948871.3520756;0;80;1685948871.3520756;0;174;
1685948871.5520756;0;0;1685948871.5520756;0;180;1685948871.5520756;0;180;
1685948871.7520757;0;0;1685948871.7520757;0;173;1685948871.7520757;0;173;
1685948871.9520757;0;0;1685948871.9520757;0;182;1685948871.9520757;0;182;
1685948872.1520758;0;0;1685948872.1520758;0;177;1685948872.1520758;0;177;
1685948872.3520758;0;0;1685948872.3520758;0;175;1685948872.3520758;0;175;
1685948872.5520759;0;176;1685948872.5520759;0;2;1685948872.5520759;0;178;
1685948872.752076;0;177;1685948872.752076;0;0;1685948872.752076;0;177;
1685948872.952076;0;184;1685948872.952076;0;0;1685948872.952076;0;184;
1685948873.152076;0;195;1685948873.152076;0;0;1685948873.152076;0;195;
1685948873.352076;0;186;1685948873.352076;0;0;1685948873.352076;0;186;
1685948873.552076;0;193;1685948873.552076;0;0;1685948873.552076;0;193;
1685948873.7520761;0;189;1685948873.7520761;0;0;1685948873.7520761;0;189;
1685948873.9520762;0;188;1685948873.9520762;0;0;1685948873.9520762;0;188;
1685948874.1520762;0;161;1685948874.1520762;0;24;1685948874.1520762;0;185;
1685948874.3520763;0;0;1685948874.3520763;0;191;1685948874.3520763;0;191;
1685948874.5520763;0;0;1685948874.5520763;0;185;1685948874.5520763;0;185;
1685948874.7520764;0;0;1685948874.7520764;0;180;1685948874.7520764;0;180;
1685948874.9520764;0;0;1685948874.9520764;0;183;1685948874.9520764;0;183;
1685948875.1520765;0;0;1685948875.1520765;0;186;1685948875.1520765;0;186;
1685948875.3520765;0;175;1685948875.3520765;0;21;1685948875.3520765;0;196;
1685948875.5520766;0;177;1685948875.5520766;0;0;1685948875.5520766;0;177;
1685948875.7520766;0;188;1685948875.7520766;0;0;1685948875.7520766;0;188;
1685948875.9520767;0;158;1685948875.9520767;0;0;1685948875.9520767;0;158;
1685948876.1520767;0;168;1685948876.1520767;0;0;1685948876.1520767;0;168;
1685948876.3520768;0;160;1685948876.3520768;0;0;1685948876.3520768;0;160;
1685948876.5520768;0;139;1685948876.5520768;0;0;1685948876.5520768;0;139;
1685948876.7520769;0;4;1685948876.7520769;0;133;1685948876.7520769;0;137;
1685948876.952077;0;0;1685948876.952077;0;142;1685948876.952077;0;142;
1685948877.152077;0;0;1685948877.152077;0;141;1685948877.152077;0;141;
1685948877.352077;0;0;1685948877.352077;0;139;1685948877.352077;0;139;
1685948877.552077;0;0;1685948877.552077;0;141;1685948877.552077;0;141;
1685948877.752077;0;0;1685948877.752077;0;138;1685948877.752077;0;138;
1685948877.9520772;0;6;1685948877.9520772;0;137;1685948877.9520772;0;143;
1685948878.1520772;0;139;1685948878.1520772;0;0;1685948878.1520772;0;139;
1685948878.3520772;0;153;1685948878.3520772;0;0;1685948878.3520772;0;153;
1685948878.5520773;0;143;1685948878.5520773;0;0;1685948878.5520773;0;143;
1685948878.7520773;0;162;1685948878.7520773;0;0;1685948878.7520773;0;162;
1685948878.9520774;0;149;1685948878.9520774;0;0;1685948878.9520774;0;149;
1685948879.1520774;0;78;1685948879.1520774;0;59;1685948879.1520774;0;137;
1685948879.3520775;0;0;1685948879.3520775;0;150;1685948879.3520775;0;150;
1685948879.5520775;0;0;1685948879.5520775;0;143;1685948879.5520775;0;143;
1685948879.7520776;0;0;1685948879.7520776;0;142;1685948879.7520776;0;142;
1685948879.9520776;0;0;1685948879.9520776;0;143;1685948879.9520776;0;143;
1685948880.1520777;0;0;1685948880.1520777;0;142;1685948880.1520777;0;142;
1685948880.3520777;0;0;1685948880.3520777;0;143;1685948880.3520777;0;143;
1685948880.5520778;0;107;1685948880.5520778;0;50;1685948880.5520778;0;157;
1685948880.7520778;0;181;1685948880.7520778;0;0;1685948880.7520778;0;181;
1685948880.9520779;0;170;1685948880.9520779;0;0;1685948880.9520779;0;170;
1685948881.152078;0;179;1685948881.152078;0;0;1685948881.152078;0;179;
1685948881.352078;0;184;1685948881.352078;0;0;1685948881.352078;0;184;
1685948881.552078;0;190;1685948881.552078;0;0;1685948881.552078;0;190;
1685948881.752078;0;6;1685948881.752078;0;189;1685948881.752078;0;195;
1685948881.952078;0;0;1685948881.952078;0;196;1685948881.952078;0;196;
1685948882.1520782;0;0;1685948882.1520782;0;185;1685948882.1520782;0;185;
1685948882.3520782;0;0;1685948882.3520782;0;188;1685948882.3520782;0;188;
1685948882.5520782;0;0;1685948882.5520782;0;186;1685948882.5520782;0;186;
1685948882.7520783;0;152;1685948882.7520783;0;28;1685948882.7520783;0;180;
1685948882.9520783;0;197;1685948882.9520783;0;0;1685948882.9520783;0;197;
1685948883.1520784;0;184;1685948883.1520784;0;0;1685948883.1520784;0;184;
1685948883.3520784;0;196;1685948883.3520784;0;0;1685948883.3520784;0;196;
1685948883.5520785;0;191;1685948883.5520785;0;0;1685948883.5520785;0;191;
1685948883.7520785;0;192;1685948883.7520785;0;0;1685948883.7520785;0;192;
1685948883.9520786;0;188;1685948883.9520786;0;0;1685948883.9520786;0;188;
1685948884.1520786;0;34;1685948884.1520786;0;157;1685948884.1520786;0;191;
1685948884.3520787;0;0;1685948884.3520787;0;188;1685948884.3520787;0;188;
1685948884.5520787;0;0;1685948884.5520787;0;187;1685948884.5520787;0;187;
1685948884.7520788;0;0;1685948884.7520788;0;191;1685948884.7520788;0;191;
1685948884.9520788;0;0;1685948884.9520788;0;180;1685948884.9520788;0;180;
1685948885.1520789;0;128;1685948885.1520789;0;71;1685948885.1520789;0;199;
1685948885.352079;0;185;1685948885.352079;0;0;1685948885.352079;0;185;
1685948885.552079;0;180;1685948885.552079;0;0;1685948885.552079;0;180;
1685948885.752079;0;194;1685948885.752079;0;0;1685948885.752079;0;194;
1685948885.952079;0;192;1685948885.952079;0;0;1685948885.952079;0;192;
1685948886.152079;0;171;1685948886.152079;0;0;1685948886.152079;0;171;
1685948886.3520792;0;193;1685948886.3520792;0;0;1685948886.3520792;0;193;
1685948886.5520792;0;188;1685948886.5520792;0;0;1685948886.5520792;0;188;
1685948886.7520792;0;144;1685948886.7520792;0;46;1685948886.7520792;0;190;
1685948886.9520793;0;0;1685948886.9520793;0;181;1685948886.9520793;0;181;
1685948887.1520793;0;0;1685948887.1520793;0;189;1685948887.1520793;0;189;
1685948887.3520794;0;0;1685948887.3520794;0;194;1685948887.3520794;0;194;
1685948887.5520794;0;0;1685948887.5520794;0;184;1685948887.5520794;0;184;
1685948887.7520795;0;12;1685948887.7520795;0;181;1685948887.7520795;0;193;
1685948887.9520795;0;181;1685948887.9520795;0;0;1685948887.9520795;0;181;
1685948888.1520796;0;182;1685948888.1520796;0;0;1685948888.1520796;0;182;
1685948888.3520796;0;178;1685948888.3520796;0;0;1685948888.3520796;0;178;
1685948888.5520797;0;174;1685948888.5520797;0;0;1685948888.5520797;0;174;
1685948888.7520797;0;159;1685948888.7520797;0;0;1685948888.7520797;0;159;
1685948888.9520798;0;162;1685948888.9520798;0;0;1685948888.9520798;0;162;
1685948889.1520798;0;145;1685948889.1520798;0;0;1685948889.1520798;0;145;
1685948889.3520799;0;94;1685948889.3520799;0;42;1685948889.3520799;0;136;
1685948889.55208;0;0;1685948889.55208;0;142;1685948889.55208;0;142;
1685948889.75208;0;0;1685948889.75208;0;143;1685948889.75208;0;143;
1685948889.95208;0;0;1685948889.95208;0;142;1685948889.95208;0;142;
1685948890.15208;0;0;1685948890.15208;0;141;1685948890.15208;0;141;
1685948890.35208;0;0;1685948890.35208;0;143;1685948890.35208;0;143;
1685948890.5520802;0;0;1685948890.5520802;0;142;1685948890.5520802;0;142;
1685948890.7520802;0;66;1685948890.7520802;0;81;1685948890.7520802;0;147;
1685948890.9520802;0;170;1685948890.9520802;0;0;1685948890.9520802;0;170;
1685948891.1520803;0;185;1685948891.1520803;0;0;1685948891.1520803;0;185;
1685948891.3520803;0;171;1685948891.3520803;0;0;1685948891.3520803;0;171;
1685948891.5520804;0;148;1685948891.5520804;0;16;1685948891.5520804;0;164;
1685948891.7520804;0;0;1685948891.7520804;0;187;1685948891.7520804;0;187;
1685948891.9520805;0;0;1685948891.9520805;0;199;1685948891.9520805;0;199;
1685948892.1520805;0;0;1685948892.1520805;0;196;1685948892.1520805;0;196;
1685948892.3520806;0;0;1685948892.3520806;0;193;1685948892.3520806;0;193;
1685948892.5520806;0;1;1685948892.5520806;0;186;1685948892.5520806;0;187;
1685948892.7520807;0;179;1685948892.7520807;0;0;1685948892.7520807;0;179;
1685948892.9520807;0;180;1685948892.9520807;0;0;1685948892.9520807;0;180;
1685948893.1520808;0;185;1685948893.1520808;0;0;1685948893.1520808;0;185;
1685948893.3520808;0;197;1685948893.3520808;0;0;1685948893.3520808;0;197;
1685948893.5520809;0;161;1685948893.5520809;0;0;1685948893.5520809;0;161;
1685948893.752081;0;172;1685948893.752081;0;15;1685948893.752081;0;187;
1685948893.952081;0;138;1685948893.952081;0;0;1685948893.952081;0;138;
1685948894.152081;0;125;1685948894.152081;0;51;1685948894.152081;0;176;
1685948894.352081;0;0;1685948894.352081;0;166;1685948894.352081;0;166;
1685948894.552081;0;0;1685948894.552081;0;166;1685948894.552081;0;166;
1685948894.7520812;0;0;1685948894.7520812;0;167;1685948894.7520812;0;167;
1685948894.9520812;0;0;1685948894.9520812;0;167;1685948894.9520812;0;167;
1685948895.1520813;0;0;1685948895.1520813;0;168;1685948895.1520813;0;168;
1685948895.3520813;0;88;1685948895.3520813;0;78;1685948895.3520813;0;166;
1685948895.5520813;0;180;1685948895.5520813;0;0;1685948895.5520813;0;180;
1685948895.7520814;0;191;1685948895.7520814;0;0;1685948895.7520814;0;191;
1685948895.9520814;0;176;1685948895.9520814;0;0;1685948895.9520814;0;176;
1685948896.1520815;0;191;1685948896.1520815;0;0;1685948896.1520815;0;191;
1685948896.3520815;0;185;1685948896.3520815;0;0;1685948896.3520815;0;185;
1685948896.5520816;0;176;1685948896.5520816;0;14;1685948896.5520816;0;190;
1685948896.7520816;0;112;1685948896.7520816;0;87;1685948896.7520816;0;199;
1685948896.9520817;0;0;1685948896.9520817;0;198;1685948896.9520817;0;198;
1685948897.1520817;0;0;1685948897.1520817;0;189;1685948897.1520817;0;189;
1685948897.3520818;0;0;1685948897.3520818;0;203;1685948897.3520818;0;203;
1685948897.5520818;0;0;1685948897.5520818;0;193;1685948897.5520818;0;193;
1685948897.7520819;0;94;1685948897.7520819;0;95;1685948897.7520819;0;189;
1685948897.952082;0;192;1685948897.952082;0;0;1685948897.952082;0;192;
1685948898.152082;0;195;1685948898.152082;0;0;1685948898.152082;0;195;
1685948898.352082;0;175;1685948898.352082;0;0;1685948898.352082;0;175;
1685948898.552082;0;168;1685948898.552082;0;13;1685948898.552082;0;181;
1685948898.752082;0;166;1685948898.752082;0;0;1685948898.752082;0;166;
1685948898.9520822;0;58;1685948898.9520822;0;124;1685948898.9520822;0;182;
1685948899.1520822;0;0;1685948899.1520822;0;189;1685948899.1520822;0;189;
1685948899.3520823;0;0;1685948899.3520823;0;183;1685948899.3520823;0;183;
1685948899.5520823;0;0;1685948899.5520823;0;200;1685948899.5520823;0;200;
1685948899.7520823;0;0;1685948899.7520823;0;186;1685948899.7520823;0;186;
1685948899.9520824;0;109;1685948899.9520824;0;84;1685948899.9520824;0;193;
1685948900.1520824;0;187;1685948900.1520824;0;1;1685948900.1520824;0;188;
1685948900.3520825;0;188;1685948900.3520825;0;0;1685948900.3520825;0;188;
1685948900.5520825;0;192;1685948900.5520825;0;0;1685948900.5520825;0;192;
1685948900.7520826;0;175;1685948900.7520826;0;13;1685948900.7520826;0;188;
1685948900.9520826;0;119;1685948900.9520826;0;66;1685948900.9520826;0;185;
1685948901.1520827;0;0;1685948901.1520827;0;197;1685948901.1520827;0;197;
1685948901.3520827;0;0;1685948901.3520827;0;193;1685948901.3520827;0;193;
1685948901.5520828;0;0;1685948901.5520828;0;192;1685948901.5520828;0;192;
1685948901.7520828;0;0;1685948901.7520828;0;191;1685948901.7520828;0;191;
1685948901.9520829;0;62;1685948901.9520829;0;128;1685948901.9520829;0;190;
1685948902.152083;0;195;1685948902.152083;0;1;1685948902.152083;0;196;
1685948902.352083;0;192;1685948902.352083;0;0;1685948902.352083;0;192;
1685948902.552083;0;175;1685948902.552083;0;13;1685948902.552083;0;188;
1685948902.752083;0;149;1685948902.752083;0;34;1685948902.752083;0;183;
1685948902.952083;0;2;1685948902.952083;0;198;1685948902.952083;0;200;
1685948903.1520832;0;0;1685948903.1520832;0;193;1685948903.1520832;0;193;
1685948903.3520832;0;0;1685948903.3520832;0;189;1685948903.3520832;0;189;
1685948903.5520833;0;0;1685948903.5520833;0;193;1685948903.5520833;0;193;
1685948903.7520833;0;28;1685948903.7520833;0;160;1685948903.7520833;0;188;
1685948903.9520833;0;181;1685948903.9520833;0;2;1685948903.9520833;0;183;
1685948904.1520834;0;194;1685948904.1520834;0;0;1685948904.1520834;0;194;
1685948904.3520834;0;184;1685948904.3520834;0;0;1685948904.3520834;0;184;
1685948904.5520835;0;173;1685948904.5520835;0;13;1685948904.5520835;0;186;
1685948904.7520835;0;71;1685948904.7520835;0;124;1685948904.7520835;0;195;
1685948904.9520836;0;0;1685948904.9520836;0;188;1685948904.9520836;0;188;
1685948905.1520836;0;0;1685948905.1520836;0;197;1685948905.1520836;0;197;
1685948905.3520837;0;0;1685948905.3520837;0;186;1685948905.3520837;0;186;
1685948905.5520837;0;0;1685948905.5520837;0;201;1685948905.5520837;0;201;
1685948905.7520838;0;109;1685948905.7520838;0;71;1685948905.7520838;0;180;
1685948905.9520838;0;183;1685948905.9520838;0;2;1685948905.9520838;0;185;
1685948906.1520839;0;190;1685948906.1520839;0;0;1685948906.1520839;0;190;
1685948906.352084;0;170;1685948906.352084;0;0;1685948906.352084;0;170;
1685948906.552084;0;190;1685948906.552084;0;13;1685948906.552084;0;203;
1685948906.752084;0;42;1685948906.752084;0;152;1685948906.752084;0;194;
1685948906.952084;0;0;1685948906.952084;0;191;1685948906.952084;0;191;
1685948907.152084;0;0;1685948907.152084;0;191;1685948907.152084;0;191;
1685948907.3520842;0;0;1685948907.3520842;0;187;1685948907.3520842;0;187;
1685948907.5520842;0;0;1685948907.5520842;0;181;1685948907.5520842;0;181;
1685948907.7520843;0;122;1685948907.7520843;0;66;1685948907.7520843;0;188;
1685948907.9520843;0;192;1685948907.9520843;0;3;1685948907.9520843;0;195;
1685948908.1520844;0;185;1685948908.1520844;0;0;1685948908.1520844;0;185;
1685948908.3520844;0;186;1685948908.3520844;0;0;1685948908.3520844;0;186;
1685948908.5520844;0;171;1685948908.5520844;0;12;1685948908.5520844;0;183;
1685948908.7520845;0;59;1685948908.7520845;0;143;1685948908.7520845;0;202;
1685948908.9520845;0;0;1685948908.9520845;0;188;1685948908.9520845;0;188;
1685948909.1520846;0;0;1685948909.1520846;0;183;1685948909.1520846;0;183;
1685948909.3520846;0;0;1685948909.3520846;0;188;1685948909.3520846;0;188;
1685948909.5520847;0;0;1685948909.5520847;0;192;1685948909.5520847;0;192;
1685948909.7520847;0;125;1685948909.7520847;0;75;1685948909.7520847;0;200;
1685948909.9520848;0;184;1685948909.9520848;0;4;1685948909.9520848;0;188;
1685948910.1520848;0;179;1685948910.1520848;0;0;1685948910.1520848;0;179;
1685948910.3520849;0;197;1685948910.3520849;0;0;1685948910.3520849;0;197;
1685948910.552085;0;178;1685948910.552085;0;12;1685948910.552085;0;190;
1685948910.752085;0;63;1685948910.752085;0;134;1685948910.752085;0;197;
1685948910.952085;0;2;1685948910.952085;0;183;1685948910.952085;0;185;
1685948911.152085;0;0;1685948911.152085;0;199;1685948911.152085;0;199;
1685948911.352085;0;0;1685948911.352085;0;197;1685948911.352085;0;197;
1685948911.5520852;0;0;1685948911.5520852;0;191;1685948911.5520852;0;191;
1685948911.7520852;0;118;1685948911.7520852;0;66;1685948911.7520852;0;184;
1685948911.9520853;0;182;1685948911.9520853;0;4;1685948911.9520853;0;186;
1685948912.1520853;0;199;1685948912.1520853;0;0;1685948912.1520853;0;199;
1685948912.3520854;0;195;1685948912.3520854;0;0;1685948912.3520854;0;195;
1685948912.5520854;0;185;1685948912.5520854;0;12;1685948912.5520854;0;197;
1685948912.7520854;0;56;1685948912.7520854;0;142;1685948912.7520854;0;198;
1685948912.9520855;0;0;1685948912.9520855;0;200;1685948912.9520855;0;200;
1685948913.1520855;0;0;1685948913.1520855;0;196;1685948913.1520855;0;196;
1685948913.3520856;0;0;1685948913.3520856;0;198;1685948913.3520856;0;198;
1685948913.5520856;0;0;1685948913.5520856;0;197;1685948913.5520856;0;197;
1685948913.7520857;0;153;1685948913.7520857;0;38;1685948913.7520857;0;191;
1685948913.9520857;0;183;1685948913.9520857;0;4;1685948913.9520857;0;187;
1685948914.1520858;0;182;1685948914.1520858;0;0;1685948914.1520858;0;182;
1685948914.3520858;0;205;1685948914.3520858;0;2;1685948914.3520858;0;207;
1685948914.5520859;0;178;1685948914.5520859;0;10;1685948914.5520859;0;188;
1685948914.752086;0;53;1685948914.752086;0;144;1685948914.752086;0;197;
1685948914.952086;0;0;1685948914.952086;0;201;1685948914.952086;0;201;
1685948915.152086;0;0;1685948915.152086;0;196;1685948915.152086;0;196;
1685948915.352086;0;0;1685948915.352086;0;188;1685948915.352086;0;188;
1685948915.552086;0;0;1685948915.552086;0;204;1685948915.552086;0;204;
1685948915.7520862;0;148;1685948915.7520862;0;39;1685948915.7520862;0;187;
1685948915.9520862;0;192;1685948915.9520862;0;4;1685948915.9520862;0;196;
1685948916.1520863;0;191;1685948916.1520863;0;0;1685948916.1520863;0;191;
1685948916.3520863;0;200;1685948916.3520863;0;0;1685948916.3520863;0;200;
1685948916.5520864;0;170;1685948916.5520864;0;12;1685948916.5520864;0;182;
1685948916.7520864;0;97;1685948916.7520864;0;97;1685948916.7520864;0;194;
1685948916.9520864;0;4;1685948916.9520864;0;186;1685948916.9520864;0;190;
1685948917.1520865;0;0;1685948917.1520865;0;200;1685948917.1520865;0;200;
1685948917.3520865;0;0;1685948917.3520865;0;184;1685948917.3520865;0;184;
1685948917.5520866;0;0;1685948917.5520866;0;181;1685948917.5520866;0;181;
1685948917.7520866;0;80;1685948917.7520866;0;123;1685948917.7520866;0;203;
1685948917.9520867;0;183;1685948917.9520867;0;6;1685948917.9520867;0;189;
1685948918.1520867;0;197;1685948918.1520867;0;0;1685948918.1520867;0;197;
1685948918.3520868;0;204;1685948918.3520868;0;0;1685948918.3520868;0;204;
1685948918.5520868;0;181;1685948918.5520868;0;7;1685948918.5520868;0;188;
1685948918.7520869;0;192;1685948918.7520869;0;4;1685948918.7520869;0;196;
1685948918.952087;0;61;1685948918.952087;0;130;1685948918.952087;0;191;
1685948919.152087;0;3;1685948919.152087;0;192;1685948919.152087;0;195;
1685948919.352087;0;0;1685948919.352087;0;193;1685948919.352087;0;193;
1685948919.552087;0;0;1685948919.552087;0;203;1685948919.552087;0;203;
1685948919.752087;0;0;1685948919.752087;0;202;1685948919.752087;0;202;
1685948919.9520872;0;139;1685948919.9520872;0;53;1685948919.9520872;0;192;
1685948920.1520872;0;198;1685948920.1520872;0;6;1685948920.1520872;0;204;
1685948920.3520873;0;186;1685948920.3520873;0;0;1685948920.3520873;0;186;
1685948920.5520873;0;175;1685948920.5520873;0;0;1685948920.5520873;0;175;
1685948920.7520874;0;192;1685948920.7520874;0;0;1685948920.7520874;0;192;
1685948920.9520874;0;189;1685948920.9520874;0;11;1685948920.9520874;0;200;
1685948921.1520875;0;183;1685948921.1520875;0;5;1685948921.1520875;0;188;
1685948921.3520875;0;13;1685948921.3520875;0;179;1685948921.3520875;0;192;
1685948921.5520875;0;0;1685948921.5520875;0;194;1685948921.5520875;0;194;
1685948921.7520876;0;0;1685948921.7520876;0;199;1685948921.7520876;0;199;
1685948921.9520876;0;0;1685948921.9520876;0;193;1685948921.9520876;0;193;
1685948922.1520877;0;0;1685948922.1520877;0;187;1685948922.1520877;0;187;
1685948922.3520877;0;169;1685948922.3520877;0;17;1685948922.3520877;0;186;
1685948922.5520878;0;189;1685948922.5520878;0;4;1685948922.5520878;0;193;
1685948922.7520878;0;192;1685948922.7520878;0;2;1685948922.7520878;0;194;
1685948922.9520879;0;198;1685948922.9520879;0;0;1685948922.9520879;0;198;
1685948923.152088;0;191;1685948923.152088;0;0;1685948923.152088;0;191;
1685948923.352088;0;189;1685948923.352088;0;0;1685948923.352088;0;189;
1685948923.552088;0;169;1685948923.552088;0;11;1685948923.552088;0;180;
1685948923.752088;0;215;1685948923.752088;0;0;1685948923.752088;0;215;
1685948923.952088;0;49;1685948923.952088;0;123;1685948923.952088;0;172;
1685948924.1520882;0;4;1685948924.1520882;0;179;1685948924.1520882;0;183;
1685948924.3520882;0;0;1685948924.3520882;0;189;1685948924.3520882;0;189;
1685948924.5520883;0;0;1685948924.5520883;0;187;1685948924.5520883;0;187;
1685948924.7520883;0;0;1685948924.7520883;0;191;1685948924.7520883;0;191;
1685948924.9520884;0;81;1685948924.9520884;0;103;1685948924.9520884;0;184;
1685948925.1520884;0;182;1685948925.1520884;0;3;1685948925.1520884;0;185;
1685948925.3520885;0;181;1685948925.3520885;0;4;1685948925.3520885;0;185;
1685948925.5520885;0;183;1685948925.5520885;0;2;1685948925.5520885;0;185;
1685948925.7520885;0;183;1685948925.7520885;0;0;1685948925.7520885;0;183;
1685948925.9520886;0;182;1685948925.9520886;0;0;1685948925.9520886;0;182;
1685948926.1520886;0;187;1685948926.1520886;0;0;1685948926.1520886;0;187;
1685948926.3520887;0;175;1685948926.3520887;0;11;1685948926.3520887;0;186;
1685948926.5520887;0;178;1685948926.5520887;0;0;1685948926.5520887;0;178;
1685948926.7520888;0;189;1685948926.7520888;0;0;1685948926.7520888;0;189;
1685948926.9520888;0;148;1685948926.9520888;0;33;1685948926.9520888;0;181;
1685948927.1520889;0;15;1685948927.1520889;0;159;1685948927.1520889;0;174;
1685948927.352089;0;4;1685948927.352089;0;185;1685948927.352089;0;189;
1685948927.552089;0;0;1685948927.552089;0;179;1685948927.552089;0;179;
1685948927.752089;0;0;1685948927.752089;0;185;1685948927.752089;0;185;
1685948927.952089;0;0;1685948927.952089;0;185;1685948927.952089;0;185;
1685948928.152089;0;119;1685948928.152089;0;46;1685948928.152089;0;165;
1685948928.3520892;0;130;1685948928.3520892;0;10;1685948928.3520892;0;140;
1685948928.5520892;0;143;1685948928.5520892;0;0;1685948928.5520892;0;143;
1685948928.7520893;0;131;1685948928.7520893;0;0;1685948928.7520893;0;131;
1685948928.9520893;0;134;1685948928.9520893;0;0;1685948928.9520893;0;134;
1685948929.1520894;0;124;1685948929.1520894;0;7;1685948929.1520894;0;131;
1685948929.3520894;0;129;1685948929.3520894;0;4;1685948929.3520894;0;133;
1685948929.5520895;0;133;1685948929.5520895;0;0;1685948929.5520895;0;133;
1685948929.7520895;0;133;1685948929.7520895;0;0;1685948929.7520895;0;133;
1685948929.9520895;0;133;1685948929.9520895;0;0;1685948929.9520895;0;133;
1685948930.1520896;0;70;1685948930.1520896;0;71;1685948930.1520896;0;141;
1685948930.3520896;0;0;1685948930.3520896;0;158;1685948930.3520896;0;158;
1685948930.5520897;0;0;1685948930.5520897;0;185;1685948930.5520897;0;185;
1685948930.7520897;0;0;1685948930.7520897;0;180;1685948930.7520897;0;180;
1685948930.9520898;0;0;1685948930.9520898;0;196;1685948930.9520898;0;196;
1685948931.1520898;0;0;1685948931.1520898;0;192;1685948931.1520898;0;192;
1685948931.35209;0;169;1685948931.35209;0;12;1685948931.35209;0;181;
1685948931.55209;0;160;1685948931.55209;0;0;1685948931.55209;0;160;
1685948931.75209;0;146;1685948931.75209;0;0;1685948931.75209;0;146;
1685948931.95209;0;155;1685948931.95209;0;1;1685948931.95209;0;156;
1685948932.15209;0;102;1685948932.15209;0;32;1685948932.15209;0;134;
1685948932.3520901;0;0;1685948932.3520901;0;132;1685948932.3520901;0;132;
1685948932.5520902;0;0;1685948932.5520902;0;124;1685948932.5520902;0;124;
1685948932.7520902;0;0;1685948932.7520902;0;112;1685948932.7520902;0;112;
1685948932.9520903;0;0;1685948932.9520903;0;133;1685948932.9520903;0;133;
1685948933.1520903;0;0;1685948933.1520903;0;127;1685948933.1520903;0;127;
1685948933.3520904;0;0;1685948933.3520904;0;120;1685948933.3520904;0;120;
1685948933.5520904;0;0;1685948933.5520904;0;121;1685948933.5520904;0;121;
1685948933.7520905;0;48;1685948933.7520905;0;81;1685948933.7520905;0;129;
1685948933.9520905;0;118;1685948933.9520905;0;0;1685948933.9520905;0;118;
1685948934.1520905;0;125;1685948934.1520905;0;1;1685948934.1520905;0;126;
1685948934.3520906;0;109;1685948934.3520906;0;0;1685948934.3520906;0;109;
1685948934.5520906;0;123;1685948934.5520906;0;0;1685948934.5520906;0;123;
1685948934.7520907;0;98;1685948934.7520907;0;11;1685948934.7520907;0;109;
1685948934.9520907;0;121;1685948934.9520907;0;0;1685948934.9520907;0;121;
1685948935.1520908;0;119;1685948935.1520908;0;0;1685948935.1520908;0;119;
1685948935.3520908;0;124;1685948935.3520908;0;0;1685948935.3520908;0;124;
1685948935.552091;0;112;1685948935.552091;0;0;1685948935.552091;0;112;
1685948935.752091;0;135;1685948935.752091;0;0;1685948935.752091;0;135;
1685948935.952091;0;123;1685948935.952091;0;0;1685948935.952091;0;123;
1685948936.152091;0;51;1685948936.152091;0;75;1685948936.152091;0;126;
1685948936.352091;0;0;1685948936.352091;0;121;1685948936.352091;0;121;
1685948936.5520911;0;0;1685948936.5520911;0;123;1685948936.5520911;0;123;
1685948936.7520912;0;0;1685948936.7520912;0;125;1685948936.7520912;0;125;
1685948936.9520912;0;0;1685948936.9520912;0;122;1685948936.9520912;0;122;
1685948937.1520913;0;0;1685948937.1520913;0;130;1685948937.1520913;0;130;
1685948937.3520913;0;0;1685948937.3520913;0;117;1685948937.3520913;0;117;
1685948937.5520914;0;0;1685948937.5520914;0;128;1685948937.5520914;0;128;
1685948937.7520914;0;80;1685948937.7520914;0;43;1685948937.7520914;0;123;
1685948937.9520915;0;116;1685948937.9520915;0;0;1685948937.9520915;0;116;
1685948938.1520915;0;129;1685948938.1520915;0;0;1685948938.1520915;0;129;
1685948938.3520916;0;120;1685948938.3520916;0;0;1685948938.3520916;0;120;
1685948938.5520916;0;127;1685948938.5520916;0;1;1685948938.5520916;0;128;
1685948938.7520916;0;125;1685948938.7520916;0;0;1685948938.7520916;0;125;
1685948938.9520917;0;116;1685948938.9520917;0;4;1685948938.9520917;0;120;
1685948939.1520917;0;123;1685948939.1520917;0;7;1685948939.1520917;0;130;
1685948939.3520918;0;122;1685948939.3520918;0;0;1685948939.3520918;0;122;
1685948939.5520918;0;118;1685948939.5520918;0;0;1685948939.5520918;0;118;
1685948939.752092;0;126;1685948939.752092;0;0;1685948939.752092;0;126;
1685948939.952092;0;121;1685948939.952092;0;0;1685948939.952092;0;121;
1685948940.152092;0;125;1685948940.152092;0;0;1685948940.152092;0;125;
1685948940.352092;0;76;1685948940.352092;0;59;1685948940.352092;0;135;
1685948940.552092;0;0;1685948940.552092;0;125;1685948940.552092;0;125;
1685948940.7520921;0;0;1685948940.7520921;0;131;1685948940.7520921;0;131;
1685948940.9520922;0;0;1685948940.9520922;0;130;1685948940.9520922;0;130;
1685948941.1520922;0;0;1685948941.1520922;0;146;1685948941.1520922;0;146;
1685948941.3520923;0;0;1685948941.3520923;0;167;1685948941.3520923;0;167;
1685948941.5520923;0;0;1685948941.5520923;0;194;1685948941.5520923;0;194;
1685948941.7520924;0;145;1685948941.7520924;0;33;1685948941.7520924;0;178;
1685948941.9520924;0;182;1685948941.9520924;0;0;1685948941.9520924;0;182;
1685948942.1520925;0;206;1685948942.1520925;0;0;1685948942.1520925;0;206;
1685948942.3520925;0;162;1685948942.3520925;0;0;1685948942.3520925;0;162;
1685948942.5520926;0;182;1685948942.5520926;0;11;1685948942.5520926;0;193;
1685948942.7520926;0;157;1685948942.7520926;0;0;1685948942.7520926;0;157;
1685948942.9520926;0;129;1685948942.9520926;0;0;1685948942.9520926;0;129;
1685948943.1520927;0;124;1685948943.1520927;0;0;1685948943.1520927;0;124;
1685948943.3520927;0;2;1685948943.3520927;0;131;1685948943.3520927;0;133;
1685948943.5520928;0;0;1685948943.5520928;0;133;1685948943.5520928;0;133;
1685948943.7520928;0;0;1685948943.7520928;0;133;1685948943.7520928;0;133;
1685948943.952093;0;0;1685948943.952093;0;133;1685948943.952093;0;133;
1685948944.152093;0;0;1685948944.152093;0;131;1685948944.152093;0;131;
1685948944.352093;0;0;1685948944.352093;0;133;1685948944.352093;0;133;
1685948944.552093;0;0;1685948944.552093;0;137;1685948944.552093;0;137;
1685948944.752093;0;99;1685948944.752093;0;56;1685948944.752093;0;155;
1685948944.9520931;0;185;1685948944.9520931;0;0;1685948944.9520931;0;185;
1685948945.1520932;0;190;1685948945.1520932;0;0;1685948945.1520932;0;190;
1685948945.3520932;0;178;1685948945.3520932;0;11;1685948945.3520932;0;189;
1685948945.5520933;0;17;1685948945.5520933;0;172;1685948945.5520933;0;189;
1685948945.7520933;0;0;1685948945.7520933;0;195;1685948945.7520933;0;195;
1685948945.9520934;0;0;1685948945.9520934;0;182;1685948945.9520934;0;182;
1685948946.1520934;0;0;1685948946.1520934;0;196;1685948946.1520934;0;196;
1685948946.3520935;0;0;1685948946.3520935;0;193;1685948946.3520935;0;193;
1685948946.5520935;0;131;1685948946.5520935;0;50;1685948946.5520935;0;181;
1685948946.7520936;0;185;1685948946.7520936;0;4;1685948946.7520936;0;189;
1685948946.9520936;0;182;1685948946.9520936;0;1;1685948946.9520936;0;183;
1685948947.1520936;0;185;1685948947.1520936;0;0;1685948947.1520936;0;185;
1685948947.3520937;0;186;1685948947.3520937;0;6;1685948947.3520937;0;192;
1685948947.5520937;0;48;1685948947.5520937;0;124;1685948947.5520937;0;172;
1685948947.7520938;0;0;1685948947.7520938;0;176;1685948947.7520938;0;176;
1685948947.9520938;0;0;1685948947.9520938;0;189;1685948947.9520938;0;189;
1685948948.152094;0;0;1685948948.152094;0;195;1685948948.152094;0;195;
1685948948.352094;0;0;1685948948.352094;0;194;1685948948.352094;0;194;
1685948948.552094;0;80;1685948948.552094;0;110;1685948948.552094;0;190;
1685948948.752094;0;164;1685948948.752094;0;0;1685948948.752094;0;164;
1685948948.952094;0;166;1685948948.952094;0;0;1685948948.952094;0;166;
1685948949.1520941;0;185;1685948949.1520941;0;0;1685948949.1520941;0;185;
1685948949.3520942;0;191;1685948949.3520942;0;4;1685948949.3520942;0;195;
1685948949.5520942;0;187;1685948949.5520942;0;1;1685948949.5520942;0;188;
1685948949.7520943;0;189;1685948949.7520943;0;7;1685948949.7520943;0;196;
1685948949.9520943;0;181;1685948949.9520943;0;0;1685948949.9520943;0;181;
1685948950.1520944;0;46;1685948950.1520944;0;143;1685948950.1520944;0;189;
1685948950.3520944;0;0;1685948950.3520944;0;188;1685948950.3520944;0;188;
1685948950.5520945;0;0;1685948950.5520945;0;185;1685948950.5520945;0;185;
;;;1685948950.7520945;0;179;1685948950.7520945;0;179;
;;;1685948950.9520946;0;186;1685948950.9520946;0;186;
;;;1685948951.1520946;0;108;1685948951.1520946;0;108;
;;;1685948951.3520947;0;0;1685948951.3520947;0;0;
;;;1685948951.5520947;0;0;1685948951.5520947;0;0;
;;;1685948951.7520947;0;0;1685948951.7520947;0;0;
;;;1685948951.9520948;0;5;1685948951.9520948;0;5;
;;;1685948952.1520948;0;0;1685948952.1520948;0;0;
;;;1685948952.352095;0;6;1685948952.352095;0;6;
;;;1685948952.552095;0;0;1685948952.552095;0;0;
;;;1685948952.752095;0;102;1685948952.752095;0;102;
;;;1685948952.952095;0;195;1685948952.952095;0;195;
;;;1685948953.152095;0;181;1685948953.152095;0;181;
