('192.168.70.129', 34844, '12.1.1.155', 10000);('192.168.70.129', 34844, '12.1.1.155', 10000);('192.168.70.129', 34844, '12.1.1.155', 10000);
0.0;18.0;0;
0.10378003120422363;19.0;18.0;
0.20756292343139648;18.0;17.0;
0.3113977909088135;15.0;14.0;
0.4152092933654785;13.0;11.0;
0.5190117359161377;14.0;11.0;
0.6228289604187012;14.0;11.0;
0.7266421318054199;13.0;11.0;
0.830474853515625;13.0;11.0;
0.9342706203460693;7.0;6.0;
1.038179874420166;6.0;5.0;
1.1425306797027588;6.0;5.0;
1.2463505268096924;5.0;4.0;
1.3503787517547607;6.0;4.0;
1.454185962677002;6.0;4.0;
1.5581588745117188;6.0;4.0;
1.6621568202972412;4.0;3.0;
1.7659733295440674;6.0;3.0;
1.8697855472564697;5.0;3.0;
1.9736487865447998;6.0;3.0;
2.0774645805358887;6.0;5.0;
2.181323766708374;6.0;4.0;
2.28511118888855;6.0;4.0;
2.391507625579834;5.0;4.0;
2.495285749435425;6.0;4.0;
2.59904146194458;6.0;4.0;
2.703372001647949;6.0;4.0;
2.8084747791290283;5.0;4.0;
2.912562370300293;6.0;4.0;
3.0163888931274414;5.0;4.0;
3.120213270187378;6.0;4.0;
3.2240185737609863;5.0;4.0;
3.3277995586395264;7.0;4.0;
3.433237314224243;5.0;4.0;
3.53706431388855;6.0;4.0;
3.6408345699310303;6.0;4.0;
3.744612693786621;6.0;4.0;
3.848410129547119;6.0;4.0;
3.9641242027282715;7.0;4.0;
4.067932367324829;6.0;3.0;
4.171802282333374;5.0;3.0;
4.276092767715454;5.0;4.0;
4.379938364028931;6.0;4.0;
4.48379921913147;5.0;4.0;
4.587616920471191;7.0;3.0;
4.691433906555176;6.0;3.0;
4.795225143432617;6.0;4.0;
4.899018287658691;6.0;3.0;
5.002863168716431;5.0;4.0;
5.106683969497681;5.0;4.0;
5.210488319396973;5.0;4.0;
5.314286947250366;5.0;4.0;
5.4180943965911865;5.0;4.0;
5.521930932998657;6.0;4.0;
5.625762701034546;5.0;4.0;
5.7295684814453125;6.0;4.0;
5.833384990692139;6.0;4.0;
5.937178373336792;7.0;4.0;
6.041082382202148;7.0;4.0;
6.14488959312439;7.0;4.0;
6.248691082000732;7.0;4.0;
6.353358507156372;6.0;4.0;
6.457230091094971;7.0;4.0;
6.561071395874023;5.0;4.0;
6.6649158000946045;5.0;4.0;
6.7687296867370605;6.0;4.0;
6.872569799423218;6.0;4.0;
6.976400852203369;5.0;4.0;
7.080179691314697;6.0;4.0;
7.183975458145142;7.0;3.0;
7.287771224975586;5.0;4.0;
7.391619920730591;6.0;4.0;
7.495458602905273;6.0;4.0;
7.599218845367432;7.0;4.0;
7.7030720710754395;6.0;4.0;
7.806873083114624;7.0;4.0;
7.910694360733032;7.0;4.0;
8.01447582244873;5.0;3.0;
8.118252992630005;6.0;4.0;
8.2220778465271;6.0;4.0;
8.325868606567383;6.0;4.0;
8.429641246795654;6.0;4.0;
8.53342056274414;7.0;4.0;
8.637208700180054;5.0;3.0;
8.74099850654602;7.0;3.0;
8.844796180725098;7.0;4.0;
8.948622465133667;6.0;4.0;
9.052421808242798;6.0;4.0;
9.15622615814209;6.0;4.0;
9.260005712509155;5.0;3.0;
9.36377763748169;5.0;4.0;
9.467557668685913;6.0;4.0;
9.57132339477539;6.0;4.0;
9.675128698348999;7.0;4.0;
9.77894639968872;5.0;4.0;
9.882771730422974;6.0;4.0;
9.986586809158325;5.0;4.0;
10.0903902053833;6.0;4.0;
10.194185018539429;5.0;3.0;
10.297987222671509;6.0;4.0;
10.401772737503052;7.0;4.0;
10.505576372146606;6.0;4.0;
10.609367609024048;5.0;4.0;
10.713184118270874;6.0;4.0;
10.81695008277893;6.0;4.0;
10.92076826095581;6.0;4.0;
11.02472448348999;6.0;4.0;
11.128581523895264;6.0;4.0;
11.232410192489624;6.0;3.0;
11.336244583129883;6.0;3.0;
11.440109491348267;5.0;3.0;
11.543968915939331;5.0;4.0;
11.647777318954468;5.0;4.0;
11.75158405303955;6.0;4.0;
11.855365514755249;5.0;4.0;
11.959156513214111;6.0;4.0;
12.062977075576782;7.0;4.0;
12.16679072380066;7.0;4.0;
12.270581007003784;7.0;3.0;
12.374361276626587;6.0;4.0;
12.478147029876709;7.0;4.0;
12.58193063735962;7.0;4.0;
12.685762405395508;7.0;4.0;
12.78957223892212;6.0;4.0;
12.893979787826538;7.0;4.0;
12.998187065124512;6.0;4.0;
13.102061986923218;6.0;4.0;
13.205888748168945;5.0;4.0;
13.309700727462769;6.0;4.0;
13.413523435592651;6.0;4.0;
13.51736831665039;6.0;4.0;
13.62122917175293;6.0;4.0;
13.725071907043457;5.0;4.0;
13.82887053489685;7.0;6.0;
13.93272876739502;6.0;4.0;
14.036559104919434;6.0;4.0;
14.147570371627808;6.0;4.0;
14.251396179199219;6.0;4.0;
14.355231285095215;6.0;4.0;
14.459045886993408;7.0;4.0;
14.56288743019104;5.0;4.0;
14.666692018508911;6.0;4.0;
14.770490407943726;6.0;4.0;
14.874278783798218;6.0;4.0;
14.978085994720459;5.0;3.0;
15.081874132156372;5.0;4.0;
15.1856529712677;6.0;5.0;
15.289425373077393;5.0;4.0;
15.393195629119873;6.0;4.0;
15.496991395950317;5.0;4.0;
15.60078740119934;6.0;4.0;
15.70461916923523;6.0;4.0;
15.80842661857605;6.0;4.0;
15.912212371826172;7.0;4.0;
16.01606059074402;5.0;4.0;
16.119879961013794;5.0;4.0;
16.22367238998413;6.0;4.0;
16.327459812164307;6.0;4.0;
16.43123173713684;7.0;4.0;
16.535019397735596;6.0;4.0;
16.638805389404297;7.0;4.0;
16.74258780479431;7.0;4.0;
16.84634518623352;7.0;4.0;
16.95012068748474;6.0;4.0;
17.053893327713013;6.0;4.0;
17.15765905380249;5.0;4.0;
17.261449098587036;6.0;4.0;
17.365247011184692;6.0;4.0;
17.469020128250122;6.0;4.0;
17.572799921035767;6.0;4.0;
17.676611185073853;5.0;4.0;
17.780409336090088;6.0;4.0;
17.884189128875732;5.0;4.0;
17.987955331802368;7.0;4.0;
18.091729879379272;5.0;4.0;
18.195536375045776;7.0;4.0;
18.299316883087158;5.0;4.0;
18.40310001373291;5.0;4.0;
18.50690007209778;5.0;4.0;
18.61068820953369;5.0;3.0;
18.71447443962097;5.0;4.0;
18.818244695663452;7.0;4.0;
18.92204189300537;5.0;4.0;
19.025819778442383;6.0;4.0;
19.12960457801819;6.0;4.0;
19.23931050300598;5.0;4.0;
19.34308648109436;6.0;4.0;
19.446870803833008;5.0;4.0;
19.550650596618652;6.0;4.0;
19.654419898986816;6.0;4.0;
19.758219957351685;5.0;4.0;
19.86202049255371;5.0;4.0;
19.96579670906067;6.0;4.0;
20.0695903301239;7.0;4.0;
20.173384428024292;6.0;4.0;
20.277161121368408;6.0;3.0;
20.380943298339844;6.0;4.0;
20.484713792800903;6.0;4.0;
20.58854365348816;5.0;4.0;
20.692365646362305;5.0;4.0;
20.796170473098755;6.0;4.0;
20.900054693222046;5.0;4.0;
21.003929138183594;7.0;4.0;
21.107757329940796;6.0;4.0;
21.211565017700195;7.0;4.0;
21.315444946289062;6.0;4.0;
21.419243574142456;6.0;4.0;
21.523029804229736;6.0;4.0;
21.626815795898438;6.0;4.0;
21.730644941329956;7.0;4.0;
21.83443570137024;7.0;4.0;
21.938260316848755;5.0;4.0;
22.04208469390869;5.0;4.0;
22.14588212966919;5.0;4.0;
22.24970531463623;6.0;4.0;
22.35354995727539;6.0;4.0;
22.4573335647583;5.0;4.0;
22.56114387512207;7.0;4.0;
22.665024995803833;5.0;4.0;
22.768855571746826;6.0;4.0;
22.872645378112793;6.0;4.0;
22.976974487304688;5.0;4.0;
23.081110954284668;5.0;4.0;
23.18496298789978;5.0;4.0;
23.288763999938965;5.0;4.0;
23.392549991607666;5.0;4.0;
23.49631428718567;5.0;4.0;
23.60014581680298;8.0;6.0;
23.703903436660767;7.0;4.0;
23.807682514190674;6.0;4.0;
23.91152548789978;6.0;4.0;
24.015302896499634;5.0;4.0;
24.119078397750854;7.0;4.0;
24.22286581993103;7.0;4.0;
24.33942174911499;5.0;4.0;
24.443190336227417;6.0;4.0;
24.546959161758423;6.0;4.0;
24.65071988105774;7.0;4.0;
24.75449299812317;7.0;4.0;
24.858272790908813;6.0;4.0;
24.962050199508667;6.0;4.0;
25.065855503082275;6.0;4.0;
25.16966986656189;6.0;3.0;
25.27346396446228;6.0;4.0;
25.377244472503662;5.0;4.0;
25.481041431427002;5.0;4.0;
25.584830284118652;7.0;4.0;
25.688613176345825;7.0;4.0;
25.792473793029785;7.0;4.0;
25.896230697631836;6.0;4.0;
26.000056505203247;6.0;4.0;
26.103984594345093;7.0;4.0;
26.20775842666626;6.0;4.0;
26.311524391174316;6.0;4.0;
26.415295600891113;7.0;4.0;
26.51905655860901;6.0;4.0;
26.622817754745483;5.0;4.0;
26.726601600646973;6.0;4.0;
26.83038878440857;7.0;4.0;
26.934159517288208;6.0;4.0;
27.03794264793396;6.0;4.0;
27.141726970672607;6.0;4.0;
27.245513200759888;6.0;4.0;
27.349303245544434;6.0;4.0;
27.45309329032898;7.0;4.0;
27.556869745254517;5.0;4.0;
27.660661697387695;6.0;4.0;
27.764437437057495;5.0;4.0;
27.868219137191772;6.0;5.0;
27.97201919555664;5.0;4.0;
28.075804948806763;6.0;4.0;
28.179585456848145;6.0;4.0;
28.283334016799927;6.0;4.0;
28.387179851531982;6.0;4.0;
28.49169373512268;5.0;4.0;
28.595804929733276;5.0;4.0;
28.699779272079468;7.0;4.0;
28.803577423095703;7.0;4.0;
28.90735650062561;6.0;4.0;
29.01123070716858;5.0;4.0;
29.115036964416504;7.0;4.0;
29.218828916549683;6.0;4.0;
29.322648286819458;6.0;4.0;
29.431150436401367;6.0;4.0;
29.534960746765137;6.0;3.0;
29.638755798339844;6.0;4.0;
29.742541074752808;6.0;3.0;
29.846479654312134;6.0;4.0;
29.950309991836548;6.0;4.0;
30.054121494293213;5.0;4.0;
30.157902240753174;7.0;4.0;
30.26168727874756;7.0;4.0;
30.366183519363403;7.0;4.0;
30.47082805633545;5.0;4.0;
30.574646949768066;5.0;4.0;
30.67847490310669;6.0;4.0;
30.782258987426758;5.0;4.0;
30.886043071746826;8.0;6.0;
30.990046977996826;6.0;3.0;
31.09390377998352;5.0;4.0;
31.197733163833618;5.0;4.0;
31.301514863967896;5.0;4.0;
31.405320405960083;6.0;4.0;
31.50929045677185;6.0;4.0;
31.613264560699463;5.0;4.0;
31.717114210128784;5.0;4.0;
31.82089376449585;7.0;4.0;
31.924683094024658;6.0;4.0;
32.028467416763306;7.0;4.0;
32.13227605819702;6.0;4.0;
32.23601984977722;6.0;4.0;
32.339887619018555;6.0;4.0;
32.44374990463257;6.0;4.0;
32.547553300857544;6.0;4.0;
32.651329040527344;7.0;4.0;
32.75514054298401;6.0;4.0;
32.85893201828003;7.0;4.0;
32.962713956832886;7.0;4.0;
33.06694483757019;5.0;4.0;
33.171573638916016;5.0;4.0;
33.27550196647644;5.0;4.0;
33.379289388656616;5.0;4.0;
33.48307156562805;7.0;4.0;
33.586862087249756;5.0;4.0;
33.69063901901245;6.0;4.0;
33.79443168640137;5.0;4.0;
33.89823508262634;6.0;4.0;
34.0028657913208;5.0;4.0;
34.10675597190857;5.0;4.0;
34.21127438545227;6.0;4.0;
34.31600499153137;6.0;4.0;
34.41992950439453;6.0;4.0;
34.531352281570435;5.0;4.0;
34.63597774505615;5.0;4.0;
34.740739822387695;7.0;4.0;
34.845388889312744;5.0;4.0;
34.94933867454529;6.0;4.0;
35.05324459075928;6.0;4.0;
35.15773558616638;5.0;4.0;
35.2615761756897;5.0;4.0;
35.36535334587097;7.0;4.0;
35.46911430358887;6.0;4.0;
35.57291793823242;6.0;4.0;
35.67669343948364;6.0;4.0;
35.78048920631409;6.0;4.0;
35.884968519210815;6.0;4.0;
35.98916721343994;5.0;4.0;
36.093199014663696;6.0;4.0;
36.19699287414551;5.0;3.0;
36.30151987075806;6.0;4.0;
36.406187295913696;7.0;4.0;
36.51083517074585;6.0;4.0;
36.61487364768982;6.0;4.0;
36.718674421310425;5.0;4.0;
36.822450399398804;7.0;4.0;
36.92620801925659;6.0;4.0;
37.03002309799194;5.0;3.0;
37.13385820388794;6.0;4.0;
37.237685441970825;6.0;4.0;
37.34148812294006;6.0;4.0;
37.445290327072144;6.0;4.0;
37.54908776283264;6.0;4.0;
37.65288043022156;6.0;4.0;
37.75738024711609;5.0;4.0;
37.86201000213623;7.0;4.0;
37.9659481048584;7.0;4.0;
38.069918155670166;6.0;4.0;
38.173704624176025;7.0;4.0;
38.27746057510376;6.0;4.0;
38.38124179840088;5.0;4.0;
38.48499274253845;6.0;4.0;
38.58875846862793;7.0;4.0;
38.692588567733765;5.0;4.0;
38.79706382751465;7.0;4.0;
38.90159273147583;4.0;3.0;
39.005356311798096;6.0;3.0;
39.11001896858215;6.0;4.0;
39.214545011520386;6.0;4.0;
39.31922626495361;5.0;4.0;
39.423094034194946;5.0;4.0;
39.53976655006409;6.0;4.0;
39.64356565475464;6.0;4.0;
39.74733066558838;6.0;4.0;
39.85111737251282;6.0;4.0;
39.95491051673889;7.0;4.0;
40.0587055683136;6.0;4.0;
40.16267943382263;7.0;4.0;
40.2664589881897;7.0;4.0;
40.37094068527222;6.0;4.0;
40.47476577758789;6.0;4.0;
40.57852840423584;5.0;3.0;
40.68232870101929;6.0;3.0;
40.786821603775024;6.0;4.0;
40.89062142372131;7.0;3.0;
40.99454879760742;6.0;4.0;
41.0983989238739;6.0;4.0;
41.202226638793945;6.0;4.0;
41.306013345718384;6.0;4.0;
41.410353899002075;6.0;4.0;
41.514126777648926;6.0;4.0;
41.61790704727173;6.0;4.0;
41.72169518470764;5.0;4.0;
41.82550835609436;6.0;4.0;
41.92932748794556;5.0;4.0;
42.033196210861206;6.0;4.0;
42.136958837509155;6.0;4.0;
42.241450786590576;6.0;4.0;
42.3461217880249;6.0;4.0;
42.450756311416626;6.0;4.0;
42.5554416179657;5.0;3.0;
42.660112380981445;6.0;4.0;
42.76480507850647;6.0;4.0;
42.8694908618927;5.0;4.0;
42.97345542907715;5.0;4.0;
43.07740378379822;7.0;4.0;
43.18131113052368;6.0;4.0;
43.285579442977905;7.0;4.0;
43.38988208770752;7.0;4.0;
43.49372959136963;6.0;4.0;
43.59752893447876;6.0;4.0;
43.70132040977478;5.0;4.0;
43.80509614944458;5.0;4.0;
43.9089674949646;7.0;4.0;
44.01282286643982;6.0;5.0;
44.116621017456055;6.0;4.0;
44.22041893005371;7.0;4.0;
44.32490372657776;6.0;4.0;
44.429569482803345;6.0;3.0;
44.54001832008362;6.0;4.0;
44.644690990448;6.0;4.0;
44.74926280975342;5.0;4.0;
44.85318875312805;7.0;4.0;
44.95707106590271;6.0;5.0;
45.06090235710144;5.0;4.0;
45.16476583480835;5.0;4.0;
45.268696784973145;7.0;3.0;
45.37248134613037;5.0;4.0;
45.47629761695862;7.0;4.0;
45.580076694488525;6.0;4.0;
45.68400526046753;6.0;4.0;
45.78778433799744;7.0;3.0;
45.89155316352844;6.0;4.0;
45.99553918838501;6.0;4.0;
46.09939956665039;6.0;4.0;
46.20318412780762;6.0;4.0;
46.3075954914093;7.0;4.0;
46.41138458251953;5.0;4.0;
46.51522994041443;6.0;4.0;
46.61902475357056;5.0;4.0;
46.72280287742615;6.0;4.0;
46.8267617225647;6.0;4.0;
46.93059802055359;5.0;4.0;
47.034438133239746;6.0;4.0;
47.13825178146362;5.0;4.0;
47.24212980270386;5.0;4.0;
47.345966815948486;6.0;4.0;
47.449758768081665;6.0;4.0;
47.55352568626404;5.0;4.0;
47.657275915145874;7.0;3.0;
47.76102805137634;7.0;4.0;
47.86479902267456;7.0;4.0;
47.96861672401428;7.0;4.0;
48.072436571121216;6.0;4.0;
48.176241636276245;6.0;4.0;
48.27999448776245;7.0;4.0;
48.38376450538635;6.0;4.0;
48.487555265426636;6.0;4.0;
48.59130811691284;5.0;4.0;
48.69509172439575;5.0;4.0;
48.79885745048523;5.0;4.0;
48.9026575088501;6.0;4.0;
49.006625175476074;7.0;4.0;
49.11117744445801;7.0;4.0;
49.21521210670471;6.0;4.0;
49.31902313232422;6.0;4.0;
49.42280673980713;7.0;3.0;
49.52661156654358;6.0;4.0;
49.639891147613525;5.0;3.0;
49.74367809295654;6.0;4.0;
49.847445487976074;6.0;4.0;
49.95120167732239;5.0;4.0;
50.054975271224976;6.0;4.0;
50.1587438583374;6.0;4.0;
50.26249885559082;5.0;4.0;
50.366252422332764;6.0;4.0;
50.46999526023865;5.0;4.0;
50.573739528656006;8.0;6.0;
50.67748713493347;6.0;4.0;
50.78126549720764;6.0;4.0;
50.885026693344116;6.0;4.0;
50.98975348472595;5.0;4.0;
51.093796491622925;5.0;4.0;
51.19765496253967;5.0;4.0;
51.30146932601929;6.0;4.0;
51.405349254608154;6.0;4.0;
51.50922608375549;6.0;4.0;
51.61303663253784;5.0;4.0;
51.71683478355408;6.0;4.0;
51.820640325546265;6.0;4.0;
51.92455244064331;6.0;4.0;
52.02840185165405;7.0;4.0;
52.13219141960144;7.0;4.0;
52.23596930503845;7.0;4.0;
52.339850425720215;5.0;4.0;
52.44368863105774;6.0;4.0;
52.547494411468506;7.0;4.0;
52.651540756225586;5.0;4.0;
52.75550389289856;7.0;3.0;
52.85940480232239;5.0;4.0;
52.963475942611694;5.0;4.0;
53.067344188690186;5.0;4.0;
53.17136311531067;5.0;3.0;
53.27521109580994;5.0;4.0;
53.37955069541931;6.0;4.0;
53.4838490486145;6.0;4.0;
53.58785581588745;6.0;4.0;
53.69169068336487;6.0;4.0;
53.79547047615051;6.0;4.0;
53.89934730529785;6.0;4.0;
54.003265619277954;6.0;4.0;
54.107792377471924;5.0;4.0;
54.21184492111206;5.0;4.0;
54.315624713897705;6.0;5.0;
54.41965913772583;6.0;4.0;
54.52376437187195;5.0;4.0;
54.62757396697998;7.0;4.0;
54.73995065689087;5.0;4.0;
54.8437397480011;6.0;4.0;
54.947702407836914;7.0;4.0;
55.051602363586426;6.0;4.0;
55.1555118560791;6.0;4.0;
55.259339570999146;6.0;4.0;
55.36316514015198;6.0;4.0;
55.46697402000427;6.0;4.0;
55.57083868980408;6.0;4.0;
55.674623250961304;5.0;4.0;
55.77841401100159;6.0;5.0;
55.882244348526;6.0;4.0;
55.986855268478394;6.0;3.0;
56.09112548828125;6.0;4.0;
56.194995403289795;5.0;4.0;
56.29879450798035;5.0;4.0;
56.40273833274841;5.0;4.0;
56.50650072097778;6.0;4.0;
56.610265493392944;7.0;4.0;
56.71399450302124;5.0;4.0;
56.817736864089966;6.0;4.0;
56.92147707939148;6.0;4.0;
57.025330781936646;5.0;4.0;
57.12912631034851;5.0;4.0;
57.23291850090027;5.0;4.0;
57.33678078651428;5.0;4.0;
57.44058156013489;5.0;4.0;
57.54431653022766;6.0;4.0;
57.648075103759766;6.0;4.0;
57.75181722640991;5.0;4.0;
57.855581521987915;5.0;4.0;
57.95941138267517;7.0;4.0;
58.06316423416138;5.0;4.0;
58.16691303253174;6.0;5.0;
58.27067470550537;5.0;4.0;
58.37442684173584;5.0;4.0;
58.478190898895264;6.0;4.0;
58.582788944244385;6.0;4.0;
58.68666338920593;7.0;4.0;
58.790446281433105;7.0;4.0;
58.8942334651947;6.0;4.0;
58.9980251789093;5.0;4.0;
59.10181927680969;4.0;3.0;
59.205570936203;6.0;4.0;
59.309335470199585;5.0;4.0;
59.41362524032593;5.0;4.0;
59.517531394958496;5.0;4.0;
59.621455907821655;6.0;4.0;
59.7252299785614;6.0;4.0;
59.84839463233948;5.0;4.0;
59.95218253135681;5.0;4.0;
60.0559618473053;5.0;4.0;
60.15970993041992;5.0;4.0;
60.263468742370605;5.0;4.0;
60.36719489097595;7.0;4.0;
60.47092795372009;7.0;4.0;
60.57471060752869;6.0;4.0;
60.678489208221436;5.0;4.0;
60.78225088119507;6.0;4.0;
60.88605618476868;6.0;4.0;
60.98988318443298;5.0;4.0;
61.09367561340332;6.0;4.0;
61.19744873046875;6.0;4.0;
61.30120301246643;6.0;4.0;
61.40494179725647;6.0;3.0;
61.50869107246399;7.0;4.0;
61.61261820793152;6.0;4.0;
61.716548919677734;5.0;3.0;
61.82041358947754;7.0;3.0;
61.92420983314514;6.0;4.0;
62.02802491188049;7.0;4.0;
62.13180708885193;5.0;4.0;
62.23565864562988;7.0;4.0;
62.33945322036743;5.0;4.0;
62.44321966171265;6.0;4.0;
62.54706072807312;5.0;4.0;
62.650853633880615;6.0;4.0;
62.75464630126953;5.0;4.0;
62.85846400260925;5.0;4.0;
62.96223855018616;5.0;4.0;
63.06603813171387;6.0;4.0;
63.169896841049194;6.0;4.0;
63.273690700531006;6.0;4.0;
63.37748718261719;5.0;3.0;
63.48158288002014;6.0;3.0;
63.58590865135193;6.0;4.0;
63.68976974487305;7.0;4.0;
63.79357385635376;7.0;5.0;
63.89736199378967;6.0;4.0;
64.00113153457642;5.0;4.0;
64.10491967201233;6.0;4.0;
64.20869588851929;6.0;4.0;
64.31248474121094;6.0;4.0;
64.41690564155579;7.0;4.0;
64.52103972434998;6.0;4.0;
64.62527823448181;6.0;4.0;
64.72913694381714;6.0;4.0;
64.84014391899109;5.0;4.0;
64.94391679763794;6.0;4.0;
65.04769444465637;5.0;4.0;
65.15147042274475;6.0;4.0;
65.2552580833435;7.0;4.0;
65.3590350151062;6.0;4.0;
65.46283483505249;6.0;4.0;
65.56659817695618;6.0;4.0;
65.67039251327515;6.0;4.0;
65.77423429489136;6.0;4.0;
65.8780586719513;5.0;4.0;
65.98186421394348;7.0;4.0;
66.08575177192688;5.0;4.0;
66.1895477771759;6.0;4.0;
66.29335618019104;5.0;4.0;
66.39713406562805;7.0;4.0;
66.50089955329895;5.0;4.0;
66.60467767715454;5.0;4.0;
66.70846748352051;5.0;4.0;
66.81222319602966;5.0;4.0;
66.91599178314209;6.0;4.0;
67.01975417137146;5.0;4.0;
67.12354874610901;7.0;4.0;
67.22730207443237;6.0;4.0;
67.33105182647705;6.0;4.0;
67.43482255935669;5.0;4.0;
67.53859281539917;6.0;4.0;
67.64236903190613;6.0;4.0;
67.74615812301636;6.0;4.0;
67.84993529319763;7.0;4.0;
67.95372486114502;6.0;3.0;
68.05843424797058;7.0;4.0;
68.16313767433167;5.0;4.0;
68.26776170730591;5.0;4.0;
68.37162208557129;5.0;4.0;
68.47614645957947;6.0;4.0;
68.58086061477661;5.0;4.0;
68.68555951118469;6.0;4.0;
68.79023909568787;5.0;4.0;
68.89419198036194;6.0;4.0;
68.99798488616943;6.0;4.0;
69.10179662704468;6.0;4.0;
69.20558476448059;6.0;4.0;
69.30994391441345;5.0;4.0;
69.41372346878052;5.0;4.0;
69.51820588111877;6.0;4.0;
69.62233710289001;7.0;4.0;
69.72613978385925;6.0;4.0;
69.8299310207367;6.0;4.0;
69.94313025474548;5.0;4.0;
70.04690909385681;6.0;4.0;
70.15069699287415;6.0;4.0;
70.25445938110352;6.0;4.0;
70.35821342468262;6.0;4.0;
70.46200037002563;5.0;4.0;
70.56601357460022;5.0;4.0;
70.66983532905579;6.0;4.0;
70.77360963821411;6.0;4.0;
70.87738680839539;6.0;4.0;
70.98111343383789;5.0;4.0;
71.08493256568909;5.0;4.0;
71.18868684768677;5.0;4.0;
71.29250383377075;6.0;4.0;
71.3962721824646;7.0;6.0;
71.50007629394531;6.0;4.0;
71.6038146018982;6.0;4.0;
71.7075707912445;5.0;4.0;
71.81131744384766;7.0;4.0;
71.91507005691528;7.0;4.0;
72.01884388923645;6.0;4.0;
72.1225950717926;6.0;4.0;
72.22634482383728;6.0;4.0;
72.33014297485352;5.0;4.0;
72.43391156196594;7.0;4.0;
72.53770232200623;6.0;4.0;
72.64148950576782;5.0;4.0;
72.74523425102234;7.0;4.0;
72.84899830818176;6.0;4.0;
72.95276474952698;6.0;4.0;
73.05650639533997;6.0;4.0;
73.1602509021759;7.0;4.0;
73.2640163898468;6.0;3.0;
73.3677864074707;6.0;4.0;
73.47152185440063;5.0;4.0;
73.57533407211304;5.0;4.0;
73.67968893051147;5.0;4.0;
73.7839789390564;6.0;4.0;
73.88780808448792;6.0;4.0;
73.99164628982544;5.0;4.0;
74.0954658985138;6.0;4.0;
74.19926500320435;6.0;4.0;
74.30304908752441;7.0;4.0;
74.40683770179749;6.0;4.0;
74.51062273979187;5.0;4.0;
74.61513829231262;5.0;4.0;
74.71911716461182;6.0;4.0;
74.82314848899841;6.0;4.0;
74.93194484710693;5.0;4.0;
75.03579449653625;5.0;4.0;
75.13971710205078;7.0;4.0;
75.24351215362549;6.0;4.0;
75.34728026390076;5.0;4.0;
75.45108127593994;5.0;4.0;
75.55485200881958;6.0;4.0;
75.65864062309265;6.0;4.0;
75.7624499797821;7.0;4.0;
75.86620831489563;5.0;4.0;
75.96998023986816;5.0;4.0;
76.07384085655212;6.0;4.0;
76.17768478393555;6.0;4.0;
76.28148245811462;6.0;4.0;
76.38527059555054;6.0;4.0;
76.48903703689575;5.0;4.0;
76.59284114837646;6.0;4.0;
76.69666385650635;6.0;4.0;
76.80043029785156;5.0;4.0;
76.90419721603394;7.0;4.0;
77.00797390937805;7.0;4.0;
77.11175394058228;7.0;4.0;
77.21554970741272;6.0;4.0;
77.31931591033936;6.0;4.0;
77.42308354377747;7.0;4.0;
77.52693557739258;6.0;4.0;
77.63099098205566;6.0;4.0;
77.73480105400085;6.0;4.0;
77.83856964111328;6.0;4.0;
77.94233822822571;7.0;4.0;
78.04611349105835;5.0;4.0;
78.14993906021118;6.0;4.0;
78.25371050834656;5.0;4.0;
78.35753083229065;7.0;4.0;
78.46136283874512;7.0;4.0;
78.5651547908783;6.0;4.0;
78.66891741752625;6.0;4.0;
78.77270030975342;7.0;4.0;
78.87647914886475;7.0;4.0;
78.98025059700012;6.0;4.0;
79.08403968811035;7.0;4.0;
79.1878342628479;6.0;4.0;
79.29175424575806;6.0;4.0;
79.39554286003113;5.0;4.0;
79.49955558776855;7.0;4.0;
79.6033205986023;6.0;4.0;
79.70715737342834;5.0;4.0;
79.81095719337463;6.0;4.0;
79.914724111557;5.0;4.0;
80.0185215473175;6.0;4.0;
80.12233519554138;7.0;4.0;
80.22615575790405;7.0;4.0;
80.32993817329407;7.0;4.0;
80.43372821807861;7.0;4.0;
80.53751921653748;6.0;4.0;
80.64129948616028;6.0;4.0;
80.74506092071533;5.0;4.0;
80.84884905815125;5.0;4.0;
80.95264649391174;5.0;4.0;
81.056467294693;5.0;4.0;
81.16025304794312;5.0;4.0;
81.26403832435608;7.0;4.0;
81.36783814430237;6.0;4.0;
81.47169947624207;6.0;4.0;
81.57548379898071;6.0;4.0;
81.67935752868652;5.0;4.0;
81.78315806388855;6.0;4.0;
81.88692998886108;6.0;4.0;
81.99080491065979;6.0;4.0;
82.09461760520935;7.0;4.0;
82.19837927818298;5.0;4.0;
82.30214595794678;6.0;4.0;
82.40591096878052;5.0;4.0;
82.50968623161316;6.0;4.0;
82.61345314979553;5.0;4.0;
82.7172462940216;5.0;4.0;
82.82104969024658;5.0;4.0;
82.92491316795349;5.0;4.0;
83.02872610092163;5.0;4.0;
83.13284349441528;5.0;4.0;
83.23662257194519;6.0;4.0;
83.34042692184448;5.0;3.0;
83.44418430328369;5.0;4.0;
83.54799270629883;8.0;6.0;
83.65181303024292;7.0;4.0;
83.756098985672;5.0;4.0;
83.860431432724;6.0;4.0;
83.96441626548767;5.0;3.0;
84.06829857826233;6.0;4.0;
84.17259049415588;6.0;4.0;
84.27638673782349;6.0;4.0;
84.38048911094666;7.0;4.0;
84.48426675796509;5.0;4.0;
84.58804655075073;7.0;4.0;
84.69232511520386;6.0;4.0;
84.7961254119873;6.0;4.0;
84.89988780021667;6.0;4.0;
85.00366592407227;6.0;4.0;
85.10745930671692;5.0;4.0;
85.21125531196594;6.0;4.0;
85.3150384426117;7.0;4.0;
85.41882491111755;5.0;4.0;
85.5226058959961;6.0;4.0;
85.62639427185059;5.0;4.0;
85.73019123077393;5.0;4.0;
85.83398270606995;6.0;4.0;
85.93782901763916;6.0;4.0;
86.04177165031433;6.0;4.0;
86.14561891555786;6.0;4.0;
86.24966335296631;6.0;4.0;
86.35346484184265;5.0;4.0;
86.45738387107849;5.0;4.0;
86.56147122383118;6.0;4.0;
86.66524577140808;7.0;4.0;
86.76908373832703;6.0;4.0;
86.87292289733887;6.0;4.0;
86.97673678398132;5.0;4.0;
87.08060359954834;6.0;4.0;
87.18440389633179;6.0;4.0;
87.28815579414368;7.0;4.0;
87.39191746711731;6.0;4.0;
87.49570274353027;5.0;4.0;
87.59950423240662;6.0;4.0;
87.70330214500427;5.0;4.0;
87.80709409713745;7.0;4.0;
87.91095542907715;5.0;4.0;
88.01478171348572;6.0;4.0;
88.11860537528992;5.0;4.0;
88.22264838218689;7.0;4.0;
88.32656121253967;6.0;4.0;
88.43072533607483;6.0;3.0;
88.53450798988342;5.0;4.0;
88.63831543922424;6.0;4.0;
88.74214196205139;6.0;4.0;
88.84593677520752;6.0;4.0;
88.94973230361938;6.0;4.0;
89.05355095863342;6.0;4.0;
89.15744805335999;5.0;4.0;
89.26128602027893;5.0;3.0;
89.36507415771484;6.0;4.0;
89.46886396408081;6.0;4.0;
89.57267999649048;6.0;4.0;
89.67647242546082;5.0;4.0;
89.78029894828796;5.0;4.0;
89.88409304618835;5.0;4.0;
89.98787569999695;6.0;4.0;
90.09169626235962;6.0;4.0;
90.19550442695618;7.0;4.0;
90.29930138587952;5.0;4.0;
90.40308666229248;5.0;4.0;
90.50689053535461;5.0;4.0;
90.61067128181458;5.0;4.0;
90.71449780464172;5.0;4.0;
90.81834173202515;6.0;4.0;
90.92214441299438;6.0;4.0;
91.02616024017334;5.0;4.0;
91.13039636611938;5.0;4.0;
91.234450340271;6.0;4.0;
91.33830857276917;6.0;4.0;
91.44212627410889;5.0;4.0;
91.54594445228577;6.0;4.0;
91.64975905418396;6.0;4.0;
91.7535560131073;6.0;4.0;
91.85735058784485;6.0;4.0;
91.96113705635071;7.0;6.0;
92.06489706039429;7.0;4.0;
92.16869282722473;7.0;4.0;
92.27248120307922;6.0;4.0;
92.3762857913971;5.0;4.0;
92.4801013469696;5.0;4.0;
92.58387732505798;5.0;4.0;
92.6876494884491;5.0;4.0;
92.79143476486206;5.0;4.0;
92.8951997756958;5.0;4.0;
92.99897360801697;7.0;4.0;
93.10275411605835;6.0;4.0;
93.20654821395874;6.0;4.0;
93.3103289604187;7.0;4.0;
93.41411924362183;6.0;4.0;
93.51790428161621;7.0;4.0;
93.6216983795166;6.0;4.0;
93.72556352615356;5.0;4.0;
93.82937335968018;5.0;4.0;
93.93410587310791;5.0;4.0;
94.03826355934143;6.0;4.0;
94.14211010932922;7.0;4.0;
94.24591898918152;6.0;4.0;
94.34973502159119;8.0;6.0;
94.45354628562927;6.0;4.0;
94.55735993385315;5.0;3.0;
94.66130089759827;6.0;4.0;
94.7651207447052;5.0;4.0;
94.86890316009521;6.0;4.0;
94.97271585464478;6.0;4.0;
95.07656335830688;6.0;4.0;
95.18040800094604;6.0;4.0;
95.28422045707703;5.0;4.0;
95.38800644874573;6.0;4.0;
95.49182343482971;6.0;5.0;
95.59560918807983;6.0;4.0;
95.69948530197144;6.0;4.0;
95.80324482917786;7.0;4.0;
95.90703701972961;7.0;4.0;
96.01105785369873;5.0;4.0;
96.11493468284607;5.0;3.0;
96.21876788139343;5.0;4.0;
96.32256579399109;7.0;4.0;
96.42639684677124;5.0;4.0;
96.5302505493164;5.0;4.0;
96.63410878181458;7.0;5.0;
96.73833131790161;7.0;6.0;
96.84211373329163;7.0;4.0;
96.94588208198547;6.0;4.0;
97.04966926574707;7.0;4.0;
97.15344977378845;7.0;4.0;
97.25721621513367;5.0;4.0;
97.36098217964172;7.0;4.0;
97.464763879776;6.0;4.0;
97.56852555274963;5.0;4.0;
97.67243814468384;6.0;3.0;
97.77622056007385;6.0;4.0;
97.87999129295349;6.0;4.0;
97.9837749004364;5.0;4.0;
98.08754253387451;5.0;4.0;
98.1913275718689;6.0;4.0;
98.29514336585999;7.0;4.0;
98.39895677566528;5.0;4.0;
98.50285339355469;6.0;4.0;
98.60677695274353;5.0;4.0;
98.71065926551819;5.0;4.0;
98.81445813179016;5.0;4.0;
98.91824960708618;6.0;4.0;
99.02202558517456;6.0;4.0;
99.12581324577332;6.0;4.0;
99.22957706451416;6.0;4.0;
99.33336138725281;5.0;4.0;
99.43714141845703;6.0;4.0;
99.54104709625244;6.0;4.0;
99.64493703842163;5.0;4.0;
99.74879360198975;6.0;4.0;
99.85269069671631;5.0;4.0;
99.95667052268982;7.0;4.0;
