('12.1.1.151', 45208, '192.168.70.129', 10000);('12.1.1.151', 45208, '192.168.70.129', 10000);('12.1.1.151', 45208, '192.168.70.129', 10000);('12.1.1.151', 44630, '192.168.70.129', 10001);('12.1.1.151', 44630, '192.168.70.129', 10001);('12.1.1.151', 44630, '192.168.70.129', 10001);total;total;total;
1685938048.3338351;1;38;1685938048.3338351;1;32;1685938048.3338351;9;87;
1685938048.5338352;0;45;1685938048.5338352;0;43;1685938048.5338352;0;88;
1685938048.7338352;0;8;1685938048.7338352;0;69;1685938048.7338352;0;77;
1685938048.9338353;0;33;1685938048.9338353;0;79;1685938048.9338353;0;112;
1685938049.1338353;0;31;1685938049.1338353;0;88;1685938049.1338353;0;119;
1685938049.3338354;0;3;1685938049.3338354;0;169;1685938049.3338354;0;172;
1685938049.5338354;0;2;1685938049.5338354;0;115;1685938049.5338354;0;117;
1685938049.7338355;0;31;1685938049.7338355;0;57;1685938049.7338355;0;88;
1685938049.9338355;0;1;1685938049.9338355;0;121;1685938049.9338355;0;122;
1685938050.1338356;0;2;1685938050.1338356;0;106;1685938050.1338356;0;108;
1685938050.3338356;0;0;1685938050.3338356;0;115;1685938050.3338356;0;115;
1685938050.5338356;0;0;1685938050.5338356;0;120;1685938050.5338356;0;120;
1685938050.7338357;0;15;1685938050.7338357;0;72;1685938050.7338357;0;87;
1685938050.9338357;0;19;1685938050.9338357;0;118;1685938050.9338357;0;137;
1685938051.1338358;0;2;1685938051.1338358;0;163;1685938051.1338358;0;165;
1685938051.3338358;0;0;1685938051.3338358;0;125;1685938051.3338358;0;125;
1685938051.533836;0;2;1685938051.533836;0;161;1685938051.533836;0;163;
1685938051.733836;0;0;1685938051.733836;0;131;1685938051.733836;0;131;
1685938051.933836;0;0;1685938051.933836;0;146;1685938051.933836;0;146;
1685938052.133836;0;0;1685938052.133836;0;165;1685938052.133836;0;165;
1685938052.333836;0;0;1685938052.333836;0;119;1685938052.333836;0;119;
1685938052.5338361;0;25;1685938052.5338361;0;73;1685938052.5338361;0;98;
1685938052.7338362;0;20;1685938052.7338362;0;103;1685938052.7338362;0;123;
1685938052.9338362;0;2;1685938052.9338362;0;133;1685938052.9338362;0;135;
1685938053.1338363;0;0;1685938053.1338363;0;161;1685938053.1338363;0;161;
1685938053.3338363;0;4;1685938053.3338363;0;131;1685938053.3338363;0;135;
1685938053.5338364;0;0;1685938053.5338364;0;109;1685938053.5338364;0;109;
1685938053.7338364;0;0;1685938053.7338364;0;88;1685938053.7338364;0;88;
1685938053.9338365;0;0;1685938053.9338365;0;86;1685938053.9338365;0;86;
1685938054.1338365;0;4;1685938054.1338365;0;66;1685938054.1338365;0;70;
1685938054.3338366;0;0;1685938054.3338366;0;0;1685938054.3338366;0;0;
1685938054.5338366;0;0;1685938054.5338366;0;192;1685938054.5338366;0;192;
1685938054.7338367;0;0;1685938054.7338367;0;86;1685938054.7338367;0;86;
1685938054.9338367;0;0;1685938054.9338367;0;65;1685938054.9338367;0;65;
1685938055.1338367;0;0;1685938055.1338367;0;47;1685938055.1338367;0;47;
1685938055.3338368;0;0;1685938055.3338368;0;72;1685938055.3338368;0;72;
1685938055.5338368;0;0;1685938055.5338368;0;53;1685938055.5338368;0;53;
1685938055.733837;0;0;1685938055.733837;0;69;1685938055.733837;0;69;
1685938055.933837;0;37;1685938055.933837;0;58;1685938055.933837;0;95;
1685938056.133837;0;29;1685938056.133837;0;63;1685938056.133837;0;92;
1685938056.333837;0;4;1685938056.333837;0;80;1685938056.333837;0;84;
1685938056.533837;0;0;1685938056.533837;0;82;1685938056.533837;0;82;
1685938056.7338371;0;0;1685938056.7338371;0;35;1685938056.7338371;0;35;
1685938056.9338372;0;0;1685938056.9338372;0;0;1685938056.9338372;0;0;
1685938057.1338372;0;6;1685938057.1338372;0;199;1685938057.1338372;0;205;
1685938057.3338373;0;0;1685938057.3338373;0;79;1685938057.3338373;0;79;
1685938057.5338373;0;0;1685938057.5338373;0;77;1685938057.5338373;0;77;
1685938057.7338374;0;0;1685938057.7338374;0;70;1685938057.7338374;0;70;
1685938057.9338374;0;0;1685938057.9338374;0;65;1685938057.9338374;0;65;
1685938058.1338375;0;0;1685938058.1338375;0;92;1685938058.1338375;0;92;
1685938058.3338375;0;6;1685938058.3338375;0;29;1685938058.3338375;0;35;
1685938058.5338376;0;0;1685938058.5338376;0;80;1685938058.5338376;0;80;
1685938058.7338376;0;0;1685938058.7338376;0;86;1685938058.7338376;0;86;
1685938058.9338377;0;0;1685938058.9338377;0;41;1685938058.9338377;0;41;
1685938059.1338377;0;0;1685938059.1338377;0;0;1685938059.1338377;0;0;
1685938059.3338377;0;0;1685938059.3338377;0;220;1685938059.3338377;0;220;
1685938059.5338378;0;0;1685938059.5338378;0;87;1685938059.5338378;0;87;
1685938059.7338378;0;0;1685938059.7338378;0;74;1685938059.7338378;0;74;
1685938059.933838;0;56;1685938059.933838;0;47;1685938059.933838;0;103;
1685938060.133838;0;43;1685938060.133838;0;44;1685938060.133838;0;87;
1685938060.333838;0;0;1685938060.333838;0;83;1685938060.333838;0;83;
1685938060.533838;0;6;1685938060.533838;0;70;1685938060.533838;0;76;
1685938060.733838;0;0;1685938060.733838;0;83;1685938060.733838;0;83;
1685938060.9338381;0;0;1685938060.9338381;0;70;1685938060.9338381;0;70;
1685938061.1338382;0;0;1685938061.1338382;0;96;1685938061.1338382;0;96;
1685938061.3338382;0;8;1685938061.3338382;0;21;1685938061.3338382;0;29;
1685938061.5338383;0;0;1685938061.5338383;0;0;1685938061.5338383;0;0;
1685938061.7338383;0;0;1685938061.7338383;0;0;1685938061.7338383;0;0;
1685938061.9338384;0;0;1685938061.9338384;0;263;1685938061.9338384;0;263;
1685938062.1338384;0;0;1685938062.1338384;0;66;1685938062.1338384;0;66;
1685938062.3338385;0;10;1685938062.3338385;0;57;1685938062.3338385;0;67;
1685938062.5338385;0;0;1685938062.5338385;0;76;1685938062.5338385;0;76;
1685938062.7338386;0;0;1685938062.7338386;0;65;1685938062.7338386;0;65;
1685938062.9338386;0;0;1685938062.9338386;0;68;1685938062.9338386;0;68;
1685938063.1338387;0;0;1685938063.1338387;0;82;1685938063.1338387;0;82;
1685938063.3338387;0;0;1685938063.3338387;0;63;1685938063.3338387;0;63;
1685938063.5338387;0;0;1685938063.5338387;0;80;1685938063.5338387;0;80;
1685938063.7338388;0;0;1685938063.7338388;0;5;1685938063.7338388;0;5;
1685938063.9338388;0;0;1685938063.9338388;0;0;1685938063.9338388;0;0;
1685938064.133839;0;15;1685938064.133839;0;192;1685938064.133839;0;207;
1685938064.333839;0;65;1685938064.333839;0;14;1685938064.333839;0;79;
1685938064.533839;0;47;1685938064.533839;0;25;1685938064.533839;0;72;
1685938064.733839;0;22;1685938064.733839;0;67;1685938064.733839;0;89;
1685938064.933839;0;8;1685938064.933839;0;82;1685938064.933839;0;90;
1685938065.1338391;0;0;1685938065.1338391;0;88;1685938065.1338391;0;88;
1685938065.3338392;0;0;1685938065.3338392;0;86;1685938065.3338392;0;86;
1685938065.5338392;0;0;1685938065.5338392;0;88;1685938065.5338392;0;88;
1685938065.7338393;0;13;1685938065.7338393;0;73;1685938065.7338393;0;86;
1685938065.9338393;0;0;1685938065.9338393;0;78;1685938065.9338393;0;78;
1685938066.1338394;0;0;1685938066.1338394;0;80;1685938066.1338394;0;80;
1685938066.3338394;0;0;1685938066.3338394;0;27;1685938066.3338394;0;27;
1685938066.5338395;0;0;1685938066.5338395;0;0;1685938066.5338395;0;0;
1685938066.7338395;0;15;1685938066.7338395;0;189;1685938066.7338395;0;204;
1685938066.9338396;0;0;1685938066.9338396;0;93;1685938066.9338396;0;93;
1685938067.1338396;0;0;1685938067.1338396;0;88;1685938067.1338396;0;88;
1685938067.3338397;0;0;1685938067.3338397;0;51;1685938067.3338397;0;51;
1685938067.5338397;0;0;1685938067.5338397;0;80;1685938067.5338397;0;80;
1685938067.7338398;0;0;1685938067.7338398;0;59;1685938067.7338398;0;59;
1685938067.9338398;0;0;1685938067.9338398;0;61;1685938067.9338398;0;61;
1685938068.1338398;0;0;1685938068.1338398;0;80;1685938068.1338398;0;80;
1685938068.33384;0;0;1685938068.33384;0;72;1685938068.33384;0;72;
1685938068.53384;0;75;1685938068.53384;0;32;1685938068.53384;0;107;
1685938068.73384;0;64;1685938068.73384;0;15;1685938068.73384;0;79;
1685938068.93384;0;83;1685938068.93384;0;0;1685938068.93384;0;83;
1685938069.13384;0;0;1685938069.13384;0;0;1685938069.13384;0;0;
1685938069.3338401;0;13;1685938069.3338401;0;176;1685938069.3338401;0;189;
1685938069.5338402;0;0;1685938069.5338402;0;90;1685938069.5338402;0;90;
1685938069.7338402;0;0;1685938069.7338402;0;73;1685938069.7338402;0;73;
1685938069.9338403;0;0;1685938069.9338403;0;90;1685938069.9338403;0;90;
1685938070.1338403;0;20;1685938070.1338403;0;76;1685938070.1338403;0;96;
1685938070.3338404;0;0;1685938070.3338404;0;80;1685938070.3338404;0;80;
1685938070.5338404;0;0;1685938070.5338404;0;71;1685938070.5338404;0;71;
1685938070.7338405;0;22;1685938070.7338405;0;51;1685938070.7338405;0;73;
1685938070.9338405;0;0;1685938070.9338405;0;84;1685938070.9338405;0;84;
1685938071.1338406;0;0;1685938071.1338406;0;68;1685938071.1338406;0;68;
1685938071.3338406;0;0;1685938071.3338406;0;37;1685938071.3338406;0;37;
1685938071.5338407;0;0;1685938071.5338407;0;0;1685938071.5338407;0;0;
1685938071.7338407;0;0;1685938071.7338407;0;189;1685938071.7338407;0;189;
1685938071.9338408;0;0;1685938071.9338408;0;67;1685938071.9338408;0;67;
1685938072.1338408;0;0;1685938072.1338408;0;90;1685938072.1338408;0;90;
1685938072.3338408;0;0;1685938072.3338408;0;74;1685938072.3338408;0;74;
1685938072.533841;0;0;1685938072.533841;0;88;1685938072.533841;0;88;
1685938072.733841;0;0;1685938072.733841;0;63;1685938072.733841;0;63;
1685938072.933841;0;68;1685938072.933841;0;27;1685938072.933841;0;95;
1685938073.133841;0;110;1685938073.133841;0;12;1685938073.133841;0;122;
1685938073.333841;0;115;1685938073.333841;0;6;1685938073.333841;0;121;
1685938073.5338411;0;59;1685938073.5338411;0;43;1685938073.5338411;0;102;
1685938073.7338412;0;0;1685938073.7338412;0;74;1685938073.7338412;0;74;
1685938073.9338412;0;0;1685938073.9338412;0;88;1685938073.9338412;0;88;
1685938074.1338413;0;0;1685938074.1338413;0;3;1685938074.1338413;0;3;
1685938074.3338413;0;0;1685938074.3338413;0;0;1685938074.3338413;0;0;
1685938074.5338414;0;0;1685938074.5338414;0;207;1685938074.5338414;0;207;
1685938074.7338414;0;31;1685938074.7338414;0;43;1685938074.7338414;0;74;
1685938074.9338415;0;0;1685938074.9338415;0;72;1685938074.9338415;0;72;
1685938075.1338415;0;0;1685938075.1338415;0;79;1685938075.1338415;0;79;
1685938075.3338416;0;3;1685938075.3338416;0;82;1685938075.3338416;0;85;
1685938075.5338416;0;29;1685938075.5338416;0;45;1685938075.5338416;0;74;
1685938075.7338417;0;0;1685938075.7338417;0;78;1685938075.7338417;0;78;
1685938075.9338417;0;0;1685938075.9338417;0;90;1685938075.9338417;0;90;
1685938076.1338418;0;0;1685938076.1338418;0;74;1685938076.1338418;0;74;
1685938076.3338418;0;0;1685938076.3338418;0;96;1685938076.3338418;0;96;
1685938076.5338418;0;0;1685938076.5338418;0;33;1685938076.5338418;0;33;
1685938076.733842;0;0;1685938076.733842;0;0;1685938076.733842;0;0;
1685938076.933842;0;0;1685938076.933842;0;225;1685938076.933842;0;225;
1685938077.133842;0;0;1685938077.133842;0;65;1685938077.133842;0;65;
1685938077.333842;0;0;1685938077.333842;0;88;1685938077.333842;0;88;
1685938077.533842;0;125;1685938077.533842;0;10;1685938077.533842;0;135;
1685938077.7338421;0;98;1685938077.7338421;0;8;1685938077.7338421;0;106;
1685938077.9338422;0;63;1685938077.9338422;0;9;1685938077.9338422;0;72;
1685938078.1338422;0;114;1685938078.1338422;0;0;1685938078.1338422;0;114;
1685938078.3338423;0;87;1685938078.3338423;0;0;1685938078.3338423;0;87;
1685938078.5338423;0;41;1685938078.5338423;0;47;1685938078.5338423;0;88;
1685938078.7338424;0;0;1685938078.7338424;0;83;1685938078.7338424;0;83;
1685938078.9338424;0;0;1685938078.9338424;0;78;1685938078.9338424;0;78;
1685938079.1338425;0;0;1685938079.1338425;0;82;1685938079.1338425;0;82;
1685938079.3338425;0;0;1685938079.3338425;0;70;1685938079.3338425;0;70;
1685938079.5338426;0;0;1685938079.5338426;0;56;1685938079.5338426;0;56;
1685938079.7338426;0;47;1685938079.7338426;0;0;1685938079.7338426;0;47;
1685938079.9338427;0;0;1685938079.9338427;0;0;1685938079.9338427;0;0;
1685938080.1338427;0;0;1685938080.1338427;0;221;1685938080.1338427;0;221;
1685938080.3338428;0;19;1685938080.3338428;0;56;1685938080.3338428;0;75;
1685938080.5338428;0;28;1685938080.5338428;0;53;1685938080.5338428;0;81;
1685938080.7338428;0;0;1685938080.7338428;0;71;1685938080.7338428;0;71;
1685938080.933843;0;0;1685938080.933843;0;70;1685938080.933843;0;70;
1685938081.133843;0;0;1685938081.133843;0;88;1685938081.133843;0;88;
1685938081.333843;0;0;1685938081.333843;0;67;1685938081.333843;0;67;
1685938081.533843;0;0;1685938081.533843;0;61;1685938081.533843;0;61;
1685938081.733843;0;0;1685938081.733843;0;99;1685938081.733843;0;99;
1685938081.9338431;0;0;1685938081.9338431;0;69;1685938081.9338431;0;69;
1685938082.1338432;0;0;1685938082.1338432;0;46;1685938082.1338432;0;46;
1685938082.3338432;0;0;1685938082.3338432;0;0;1685938082.3338432;0;0;
1685938082.5338433;0;0;1685938082.5338433;0;0;1685938082.5338433;0;0;
1685938082.7338433;0;100;1685938082.7338433;0;180;1685938082.7338433;0;280;
1685938082.9338434;0;141;1685938082.9338434;0;1;1685938082.9338434;0;142;
1685938083.1338434;0;97;1685938083.1338434;0;6;1685938083.1338434;0;103;
1685938083.3338435;0;98;1685938083.3338435;0;10;1685938083.3338435;0;108;
1685938083.5338435;0;110;1685938083.5338435;0;0;1685938083.5338435;0;110;
1685938083.7338436;0;101;1685938083.7338436;0;0;1685938083.7338436;0;101;
1685938083.9338436;0;124;1685938083.9338436;0;0;1685938083.9338436;0;124;
1685938084.1338437;0;22;1685938084.1338437;0;73;1685938084.1338437;0;95;
1685938084.3338437;0;0;1685938084.3338437;0;71;1685938084.3338437;0;71;
1685938084.5338438;0;0;1685938084.5338438;0;80;1685938084.5338438;0;80;
1685938084.7338438;0;0;1685938084.7338438;0;67;1685938084.7338438;0;67;
1685938084.9338439;0;0;1685938084.9338439;0;76;1685938084.9338439;0;76;
1685938085.133844;0;62;1685938085.133844;0;49;1685938085.133844;0;111;
1685938085.333844;0;8;1685938085.333844;0;64;1685938085.333844;0;72;
1685938085.533844;0;0;1685938085.533844;0;81;1685938085.533844;0;81;
1685938085.733844;0;0;1685938085.733844;0;61;1685938085.733844;0;61;
1685938085.933844;0;39;1685938085.933844;0;0;1685938085.933844;0;39;
1685938086.1338441;0;31;1685938086.1338441;0;0;1685938086.1338441;0;31;
1685938086.3338442;0;0;1685938086.3338442;0;194;1685938086.3338442;0;194;
1685938086.5338442;0;0;1685938086.5338442;0;73;1685938086.5338442;0;73;
1685938086.7338443;0;0;1685938086.7338443;0;76;1685938086.7338443;0;76;
1685938086.9338443;0;0;1685938086.9338443;0;66;1685938086.9338443;0;66;
1685938087.1338444;0;0;1685938087.1338444;0;81;1685938087.1338444;0;81;
1685938087.3338444;0;0;1685938087.3338444;0;66;1685938087.3338444;0;66;
1685938087.5338445;0;0;1685938087.5338445;0;67;1685938087.5338445;0;67;
1685938087.7338445;0;0;1685938087.7338445;0;92;1685938087.7338445;0;92;
1685938087.9338446;0;0;1685938087.9338446;0;82;1685938087.9338446;0;82;
1685938088.1338446;0;0;1685938088.1338446;0;49;1685938088.1338446;0;49;
1685938088.3338447;0;64;1685938088.3338447;0;29;1685938088.3338447;0;93;
1685938088.5338447;0;96;1685938088.5338447;0;0;1685938088.5338447;0;96;
1685938088.7338448;0;107;1685938088.7338448;0;0;1685938088.7338448;0;107;
1685938088.9338448;0;112;1685938088.9338448;0;2;1685938088.9338448;0;114;
1685938089.1338449;0;119;1685938089.1338449;0;6;1685938089.1338449;0;125;
1685938089.333845;0;114;1685938089.333845;0;8;1685938089.333845;0;122;
1685938089.533845;0;123;1685938089.533845;0;2;1685938089.533845;0;125;
1685938089.733845;0;128;1685938089.733845;0;0;1685938089.733845;0;128;
1685938089.933845;0;133;1685938089.933845;0;0;1685938089.933845;0;133;
1685938090.133845;0;125;1685938090.133845;0;0;1685938090.133845;0;125;
1685938090.3338451;0;67;1685938090.3338451;0;9;1685938090.3338451;0;76;
1685938090.5338452;0;2;1685938090.5338452;0;0;1685938090.5338452;0;2;
1685938090.7338452;0;0;1685938090.7338452;0;185;1685938090.7338452;0;185;
1685938090.9338453;0;0;1685938090.9338453;0;77;1685938090.9338453;0;77;
1685938091.1338453;0;0;1685938091.1338453;0;86;1685938091.1338453;0;86;
1685938091.3338454;0;4;1685938091.3338454;0;59;1685938091.3338454;0;63;
1685938091.5338454;0;90;1685938091.5338454;0;0;1685938091.5338454;0;90;
1685938091.7338455;0;11;1685938091.7338455;0;72;1685938091.7338455;0;83;
1685938091.9338455;0;0;1685938091.9338455;0;76;1685938091.9338455;0;76;
1685938092.1338456;0;0;1685938092.1338456;0;51;1685938092.1338456;0;51;
1685938092.3338456;0;96;1685938092.3338456;0;6;1685938092.3338456;0;102;
1685938092.5338457;0;10;1685938092.5338457;0;76;1685938092.5338457;0;86;
1685938092.7338457;0;0;1685938092.7338457;0;82;1685938092.7338457;0;82;
1685938092.9338458;0;0;1685938092.9338458;0;48;1685938092.9338458;0;48;
1685938093.1338458;0;0;1685938093.1338458;0;0;1685938093.1338458;0;0;
1685938093.3338459;0;0;1685938093.3338459;0;0;1685938093.3338459;0;0;
1685938093.533846;0;0;1685938093.533846;0;261;1685938093.533846;0;261;
1685938093.733846;0;0;1685938093.733846;0;72;1685938093.733846;0;72;
1685938093.933846;0;0;1685938093.933846;0;80;1685938093.933846;0;80;
1685938094.133846;0;0;1685938094.133846;0;75;1685938094.133846;0;75;
1685938094.333846;0;0;1685938094.333846;0;80;1685938094.333846;0;80;
1685938094.5338461;0;0;1685938094.5338461;0;68;1685938094.5338461;0;68;
1685938094.7338462;0;63;1685938094.7338462;0;35;1685938094.7338462;0;98;
1685938094.9338462;0;113;1685938094.9338462;0;0;1685938094.9338462;0;113;
1685938095.1338463;0;117;1685938095.1338463;0;0;1685938095.1338463;0;117;
1685938095.3338463;0;114;1685938095.3338463;0;0;1685938095.3338463;0;114;
1685938095.5338464;0;115;1685938095.5338464;0;2;1685938095.5338464;0;117;
1685938095.7338464;0;45;1685938095.7338464;0;0;1685938095.7338464;0;45;
1685938095.9338465;0;0;1685938095.9338465;0;6;1685938095.9338465;0;6;
1685938096.1338465;0;0;1685938096.1338465;0;1;1685938096.1338465;0;1;
1685938096.3338466;0;417;1685938096.3338466;0;6;1685938096.3338466;0;423;
1685938096.5338466;0;117;1685938096.5338466;0;2;1685938096.5338466;0;119;
1685938096.7338467;0;131;1685938096.7338467;0;0;1685938096.7338467;0;131;
1685938096.9338467;0;126;1685938096.9338467;0;0;1685938096.9338467;0;126;
1685938097.1338468;0;7;1685938097.1338468;0;0;1685938097.1338468;0;7;
1685938097.3338468;0;0;1685938097.3338468;0;0;1685938097.3338468;0;0;
1685938097.5338469;0;0;1685938097.5338469;0;0;1685938097.5338469;0;0;
1685938097.733847;0;0;1685938097.733847;0;2;1685938097.733847;0;2;
1685938097.933847;0;0;1685938097.933847;0;52;1685938097.933847;0;52;
1685938098.133847;0;0;1685938098.133847;0;65;1685938098.133847;0;65;
1685938098.333847;0;0;1685938098.333847;0;80;1685938098.333847;0;80;
1685938098.533847;0;0;1685938098.533847;0;17;1685938098.533847;0;17;
1685938098.7338471;0;0;1685938098.7338471;0;0;1685938098.7338471;0;0;
1685938098.9338472;0;0;1685938098.9338472;0;200;1685938098.9338472;0;200;
1685938099.1338472;0;0;1685938099.1338472;0;1;1685938099.1338472;0;1;
1685938099.3338473;0;0;1685938099.3338473;0;48;1685938099.3338473;0;48;
1685938099.5338473;0;0;1685938099.5338473;0;74;1685938099.5338473;0;74;
1685938099.7338474;0;0;1685938099.7338474;0;69;1685938099.7338474;0;69;
1685938099.9338474;0;0;1685938099.9338474;0;14;1685938099.9338474;0;14;
1685938100.1338475;0;0;1685938100.1338475;0;33;1685938100.1338475;0;33;
1685938100.3338475;0;0;1685938100.3338475;0;76;1685938100.3338475;0;76;
1685938100.5338476;0;0;1685938100.5338476;0;80;1685938100.5338476;0;80;
1685938100.7338476;0;0;1685938100.7338476;0;77;1685938100.7338476;0;77;
1685938100.9338477;0;0;1685938100.9338477;0;78;1685938100.9338477;0;78;
1685938101.1338477;0;0;1685938101.1338477;0;66;1685938101.1338477;0;66;
1685938101.3338478;0;0;1685938101.3338478;0;0;1685938101.3338478;0;0;
1685938101.5338478;0;0;1685938101.5338478;0;0;1685938101.5338478;0;0;
1685938101.7338479;0;0;1685938101.7338479;0;240;1685938101.7338479;0;240;
1685938101.933848;0;0;1685938101.933848;0;75;1685938101.933848;0;75;
1685938102.133848;0;0;1685938102.133848;0;76;1685938102.133848;0;76;
1685938102.333848;0;0;1685938102.333848;0;76;1685938102.333848;0;76;
1685938102.533848;0;826;1685938102.533848;0;1;1685938102.533848;0;827;
1685938102.733848;0;0;1685938102.733848;0;0;1685938102.733848;0;0;
1685938102.9338481;0;0;1685938102.9338481;0;0;1685938102.9338481;0;0;
1685938103.1338482;0;0;1685938103.1338482;0;0;1685938103.1338482;0;0;
1685938103.3338482;0;0;1685938103.3338482;0;0;1685938103.3338482;0;0;
1685938103.5338483;0;0;1685938103.5338483;0;0;1685938103.5338483;0;0;
1685938103.7338483;0;0;1685938103.7338483;0;2;1685938103.7338483;0;2;
1685938103.9338484;0;0;1685938103.9338484;0;12;1685938103.9338484;0;12;
1685938104.1338484;0;0;1685938104.1338484;0;0;1685938104.1338484;0;0;
1685938104.3338485;0;0;1685938104.3338485;0;0;1685938104.3338485;0;0;
1685938104.5338485;0;0;1685938104.5338485;0;0;1685938104.5338485;0;0;
1685938104.7338486;0;820;1685938104.7338486;0;0;1685938104.7338486;0;820;
1685938104.9338486;0;0;1685938104.9338486;0;0;1685938104.9338486;0;0;
1685938105.1338487;0;0;1685938105.1338487;0;2;1685938105.1338487;0;2;
1685938105.3338487;0;0;1685938105.3338487;0;0;1685938105.3338487;0;0;
1685938105.5338488;0;0;1685938105.5338488;0;0;1685938105.5338488;0;0;
1685938105.7338488;0;0;1685938105.7338488;0;0;1685938105.7338488;0;0;
1685938105.9338489;0;0;1685938105.9338489;0;0;1685938105.9338489;0;0;
1685938106.133849;0;0;1685938106.133849;0;42;1685938106.133849;0;42;
1685938106.333849;0;0;1685938106.333849;0;66;1685938106.333849;0;66;
1685938106.533849;0;0;1685938106.533849;0;73;1685938106.533849;0;73;
1685938106.733849;0;0;1685938106.733849;0;74;1685938106.733849;0;74;
1685938106.933849;0;0;1685938106.933849;0;75;1685938106.933849;0;75;
1685938107.1338491;0;0;1685938107.1338491;0;74;1685938107.1338491;0;74;
1685938107.3338492;0;0;1685938107.3338492;0;17;1685938107.3338492;0;17;
1685938107.5338492;0;0;1685938107.5338492;0;0;1685938107.5338492;0;0;
1685938107.7338493;0;0;1685938107.7338493;0;208;1685938107.7338493;0;208;
1685938107.9338493;0;0;1685938107.9338493;0;70;1685938107.9338493;0;70;
1685938108.1338494;0;0;1685938108.1338494;0;67;1685938108.1338494;0;67;
1685938108.3338494;0;0;1685938108.3338494;0;63;1685938108.3338494;0;63;
1685938108.5338495;0;0;1685938108.5338495;0;68;1685938108.5338495;0;68;
1685938108.7338495;0;0;1685938108.7338495;0;71;1685938108.7338495;0;71;
1685938108.9338496;0;0;1685938108.9338496;0;68;1685938108.9338496;0;68;
1685938109.1338496;0;0;1685938109.1338496;0;74;1685938109.1338496;0;74;
1685938109.3338497;0;0;1685938109.3338497;0;81;1685938109.3338497;0;81;
1685938109.5338497;0;0;1685938109.5338497;0;78;1685938109.5338497;0;78;
1685938109.7338498;0;0;1685938109.7338498;0;58;1685938109.7338498;0;58;
1685938109.9338498;0;0;1685938109.9338498;0;0;1685938109.9338498;0;0;
1685938110.1338499;0;0;1685938110.1338499;0;0;1685938110.1338499;0;0;
1685938110.33385;0;0;1685938110.33385;0;0;1685938110.33385;0;0;
1685938110.53385;0;0;1685938110.53385;0;0;1685938110.53385;0;0;
1685938110.73385;0;0;1685938110.73385;0;0;1685938110.73385;0;0;
1685938110.93385;0;853;1685938110.93385;0;0;1685938110.93385;0;853;
1685938111.13385;0;29;1685938111.13385;0;0;1685938111.13385;0;29;
1685938111.3338501;0;0;1685938111.3338501;0;0;1685938111.3338501;0;0;
1685938111.5338502;0;0;1685938111.5338502;0;0;1685938111.5338502;0;0;
1685938111.7338502;0;0;1685938111.7338502;0;0;1685938111.7338502;0;0;
1685938111.9338503;0;0;1685938111.9338503;0;0;1685938111.9338503;0;0;
1685938112.1338503;0;0;1685938112.1338503;0;0;1685938112.1338503;0;0;
1685938112.3338504;0;0;1685938112.3338504;0;189;1685938112.3338504;0;189;
1685938112.5338504;0;0;1685938112.5338504;0;0;1685938112.5338504;0;0;
1685938112.7338505;0;0;1685938112.7338505;0;0;1685938112.7338505;0;0;
1685938112.9338505;0;0;1685938112.9338505;0;0;1685938112.9338505;0;0;
1685938113.1338506;0;0;1685938113.1338506;0;0;1685938113.1338506;0;0;
1685938113.3338506;0;838;1685938113.3338506;0;0;1685938113.3338506;0;838;
1685938113.5338507;0;0;1685938113.5338507;0;0;1685938113.5338507;0;0;
1685938113.7338507;0;0;1685938113.7338507;0;0;1685938113.7338507;0;0;
1685938113.9338508;0;0;1685938113.9338508;0;0;1685938113.9338508;0;0;
1685938114.1338508;0;0;1685938114.1338508;0;0;1685938114.1338508;0;0;
1685938114.3338509;0;0;1685938114.3338509;0;0;1685938114.3338509;0;0;
1685938114.533851;0;0;1685938114.533851;0;37;1685938114.533851;0;37;
1685938114.733851;0;0;1685938114.733851;0;80;1685938114.733851;0;80;
1685938114.933851;0;0;1685938114.933851;0;74;1685938114.933851;0;74;
1685938115.133851;0;0;1685938115.133851;0;75;1685938115.133851;0;75;
1685938115.333851;0;0;1685938115.333851;0;78;1685938115.333851;0;78;
1685938115.5338511;0;0;1685938115.5338511;0;76;1685938115.5338511;0;76;
1685938115.7338512;0;0;1685938115.7338512;0;82;1685938115.7338512;0;82;
1685938115.9338512;0;0;1685938115.9338512;0;75;1685938115.9338512;0;75;
1685938116.1338513;0;0;1685938116.1338513;0;80;1685938116.1338513;0;80;
1685938116.3338513;0;0;1685938116.3338513;0;59;1685938116.3338513;0;59;
1685938116.5338514;0;0;1685938116.5338514;0;0;1685938116.5338514;0;0;
1685938116.7338514;0;0;1685938116.7338514;0;0;1685938116.7338514;0;0;
1685938116.9338515;0;0;1685938116.9338515;0;246;1685938116.9338515;0;246;
1685938117.1338515;0;0;1685938117.1338515;0;77;1685938117.1338515;0;77;
1685938117.3338516;0;0;1685938117.3338516;0;72;1685938117.3338516;0;72;
1685938117.5338516;0;0;1685938117.5338516;0;84;1685938117.5338516;0;84;
1685938117.7338517;0;0;1685938117.7338517;0;76;1685938117.7338517;0;76;
1685938117.9338517;0;0;1685938117.9338517;0;59;1685938117.9338517;0;59;
1685938118.1338518;0;0;1685938118.1338518;0;0;1685938118.1338518;0;0;
1685938118.3338518;0;0;1685938118.3338518;0;0;1685938118.3338518;0;0;
1685938118.5338519;0;0;1685938118.5338519;0;0;1685938118.5338519;0;0;
1685938118.733852;0;0;1685938118.733852;0;0;1685938118.733852;0;0;
1685938118.933852;0;0;1685938118.933852;0;0;1685938118.933852;0;0;
1685938119.133852;0;882;1685938119.133852;0;0;1685938119.133852;0;882;
1685938119.333852;0;0;1685938119.333852;0;0;1685938119.333852;0;0;
1685938119.533852;0;0;1685938119.533852;0;0;1685938119.533852;0;0;
1685938119.7338521;0;0;1685938119.7338521;0;0;1685938119.7338521;0;0;
1685938119.9338522;0;0;1685938119.9338522;0;0;1685938119.9338522;0;0;
1685938120.1338522;0;0;1685938120.1338522;0;0;1685938120.1338522;0;0;
1685938120.3338523;0;0;1685938120.3338523;0;6;1685938120.3338523;0;6;
1685938120.5338523;0;0;1685938120.5338523;0;74;1685938120.5338523;0;74;
1685938120.7338524;0;0;1685938120.7338524;0;65;1685938120.7338524;0;65;
1685938120.9338524;0;0;1685938120.9338524;0;44;1685938120.9338524;0;44;
1685938121.1338525;0;0;1685938121.1338525;0;0;1685938121.1338525;0;0;
1685938121.3338525;0;0;1685938121.3338525;0;0;1685938121.3338525;0;0;
1685938121.5338526;0;0;1685938121.5338526;0;0;1685938121.5338526;0;0;
1685938121.7338526;0;0;1685938121.7338526;0;0;1685938121.7338526;0;0;
1685938121.9338527;0;0;1685938121.9338527;0;0;1685938121.9338527;0;0;
1685938122.1338527;0;838;1685938122.1338527;0;0;1685938122.1338527;0;838;
1685938122.3338528;0;0;1685938122.3338528;0;0;1685938122.3338528;0;0;
1685938122.5338528;0;0;1685938122.5338528;0;0;1685938122.5338528;0;0;
1685938122.7338529;0;0;1685938122.7338529;0;0;1685938122.7338529;0;0;
1685938122.933853;0;0;1685938122.933853;0;0;1685938122.933853;0;0;
1685938123.133853;0;0;1685938123.133853;0;0;1685938123.133853;0;0;
1685938123.333853;0;0;1685938123.333853;0;7;1685938123.333853;0;7;
1685938123.533853;0;0;1685938123.533853;0;70;1685938123.533853;0;70;
1685938123.733853;0;0;1685938123.733853;0;26;1685938123.733853;0;26;
1685938123.9338531;0;0;1685938123.9338531;0;0;1685938123.9338531;0;0;
1685938124.1338532;0;0;1685938124.1338532;0;199;1685938124.1338532;0;199;
1685938124.3338532;0;0;1685938124.3338532;0;69;1685938124.3338532;0;69;
1685938124.5338533;0;0;1685938124.5338533;0;80;1685938124.5338533;0;80;
1685938124.7338533;0;0;1685938124.7338533;0;70;1685938124.7338533;0;70;
1685938124.9338534;0;0;1685938124.9338534;0;81;1685938124.9338534;0;81;
1685938125.1338534;0;0;1685938125.1338534;0;80;1685938125.1338534;0;80;
1685938125.3338535;0;0;1685938125.3338535;0;76;1685938125.3338535;0;76;
1685938125.5338535;0;0;1685938125.5338535;0;71;1685938125.5338535;0;71;
1685938125.7338536;0;0;1685938125.7338536;0;72;1685938125.7338536;0;72;
1685938125.9338536;0;0;1685938125.9338536;0;74;1685938125.9338536;0;74;
1685938126.1338537;0;0;1685938126.1338537;0;33;1685938126.1338537;0;33;
1685938126.3338537;0;0;1685938126.3338537;0;0;1685938126.3338537;0;0;
1685938126.5338538;0;0;1685938126.5338538;0;197;1685938126.5338538;0;197;
1685938126.7338538;0;0;1685938126.7338538;0;75;1685938126.7338538;0;75;
1685938126.9338539;0;0;1685938126.9338539;0;51;1685938126.9338539;0;51;
1685938127.133854;0;0;1685938127.133854;0;0;1685938127.133854;0;0;
1685938127.333854;0;0;1685938127.333854;0;0;1685938127.333854;0;0;
1685938127.533854;0;0;1685938127.533854;0;0;1685938127.533854;0;0;
1685938127.733854;0;0;1685938127.733854;0;0;1685938127.733854;0;0;
1685938127.933854;0;873;1685938127.933854;0;0;1685938127.933854;0;873;
1685938128.1338542;0;11;1685938128.1338542;0;0;1685938128.1338542;0;11;
1685938128.3338542;0;0;1685938128.3338542;0;0;1685938128.3338542;0;0;
1685938128.5338542;0;0;1685938128.5338542;0;0;1685938128.5338542;0;0;
1685938128.7338543;0;0;1685938128.7338543;0;0;1685938128.7338543;0;0;
1685938128.9338543;0;0;1685938128.9338543;0;0;1685938128.9338543;0;0;
1685938129.1338544;0;0;1685938129.1338544;0;0;1685938129.1338544;0;0;
1685938129.3338544;0;0;1685938129.3338544;0;82;1685938129.3338544;0;82;
1685938129.5338545;0;0;1685938129.5338545;0;84;1685938129.5338545;0;84;
1685938129.7338545;0;0;1685938129.7338545;0;23;1685938129.7338545;0;23;
1685938129.9338546;0;0;1685938129.9338546;0;0;1685938129.9338546;0;0;
1685938130.1338546;0;0;1685938130.1338546;0;0;1685938130.1338546;0;0;
1685938130.3338547;0;0;1685938130.3338547;0;0;1685938130.3338547;0;0;
1685938130.5338547;0;0;1685938130.5338547;0;0;1685938130.5338547;0;0;
1685938130.7338548;0;836;1685938130.7338548;0;0;1685938130.7338548;0;836;
1685938130.9338548;0;0;1685938130.9338548;0;0;1685938130.9338548;0;0;
1685938131.1338549;0;0;1685938131.1338549;0;0;1685938131.1338549;0;0;
1685938131.333855;0;0;1685938131.333855;0;0;1685938131.333855;0;0;
1685938131.533855;0;0;1685938131.533855;0;0;1685938131.533855;0;0;
1685938131.733855;0;0;1685938131.733855;0;0;1685938131.733855;0;0;
1685938131.933855;0;0;1685938131.933855;0;17;1685938131.933855;0;17;
1685938132.133855;0;0;1685938132.133855;0;89;1685938132.133855;0;89;
1685938132.3338552;0;0;1685938132.3338552;0;74;1685938132.3338552;0;74;
1685938132.5338552;0;0;1685938132.5338552;0;73;1685938132.5338552;0;73;
1685938132.7338552;0;0;1685938132.7338552;0;64;1685938132.7338552;0;64;
1685938132.9338553;0;0;1685938132.9338553;0;71;1685938132.9338553;0;71;
1685938133.1338553;0;0;1685938133.1338553;0;6;1685938133.1338553;0;6;
1685938133.3338554;0;0;1685938133.3338554;0;0;1685938133.3338554;0;0;
1685938133.5338554;0;0;1685938133.5338554;0;250;1685938133.5338554;0;250;
1685938133.7338555;0;0;1685938133.7338555;0;82;1685938133.7338555;0;82;
1685938133.9338555;0;0;1685938133.9338555;0;82;1685938133.9338555;0;82;
1685938134.1338556;0;0;1685938134.1338556;0;83;1685938134.1338556;0;83;
1685938134.3338556;0;0;1685938134.3338556;0;86;1685938134.3338556;0;86;
1685938134.5338557;0;0;1685938134.5338557;0;74;1685938134.5338557;0;74;
1685938134.7338557;0;0;1685938134.7338557;0;54;1685938134.7338557;0;54;
1685938134.9338558;0;0;1685938134.9338558;0;99;1685938134.9338558;0;99;
1685938135.1338558;0;0;1685938135.1338558;0;72;1685938135.1338558;0;72;
1685938135.3338559;0;0;1685938135.3338559;0;23;1685938135.3338559;0;23;
1685938135.533856;0;0;1685938135.533856;0;0;1685938135.533856;0;0;
1685938135.733856;0;0;1685938135.733856;0;0;1685938135.733856;0;0;
1685938135.933856;0;0;1685938135.933856;0;0;1685938135.933856;0;0;
1685938136.133856;0;0;1685938136.133856;0;0;1685938136.133856;0;0;
1685938136.333856;0;0;1685938136.333856;0;0;1685938136.333856;0;0;
1685938136.5338562;0;886;1685938136.5338562;0;0;1685938136.5338562;0;886;
1685938136.7338562;0;0;1685938136.7338562;0;0;1685938136.7338562;0;0;
1685938136.9338562;0;0;1685938136.9338562;0;0;1685938136.9338562;0;0;
1685938137.1338563;0;0;1685938137.1338563;0;0;1685938137.1338563;0;0;
1685938137.3338563;0;0;1685938137.3338563;0;0;1685938137.3338563;0;0;
1685938137.5338564;0;0;1685938137.5338564;0;0;1685938137.5338564;0;0;
1685938137.7338564;0;0;1685938137.7338564;0;0;1685938137.7338564;0;0;
1685938137.9338565;0;0;1685938137.9338565;0;0;1685938137.9338565;0;0;
1685938138.1338565;0;0;1685938138.1338565;0;221;1685938138.1338565;0;221;
1685938138.3338566;0;0;1685938138.3338566;0;1;1685938138.3338566;0;1;
1685938138.5338566;0;0;1685938138.5338566;0;0;1685938138.5338566;0;0;
1685938138.7338567;0;0;1685938138.7338567;0;0;1685938138.7338567;0;0;
1685938138.9338567;0;0;1685938138.9338567;0;0;1685938138.9338567;0;0;
1685938139.1338568;0;835;1685938139.1338568;0;0;1685938139.1338568;0;835;
1685938139.3338568;0;0;1685938139.3338568;0;0;1685938139.3338568;0;0;
1685938139.5338569;0;0;1685938139.5338569;0;0;1685938139.5338569;0;0;
1685938139.733857;0;0;1685938139.733857;0;0;1685938139.733857;0;0;
1685938139.933857;0;0;1685938139.933857;0;0;1685938139.933857;0;0;
1685938140.133857;0;0;1685938140.133857;0;0;1685938140.133857;0;0;
1685938140.333857;0;0;1685938140.333857;0;0;1685938140.333857;0;0;
1685938140.533857;0;0;1685938140.533857;0;54;1685938140.533857;0;54;
1685938140.7338572;0;0;1685938140.7338572;0;72;1685938140.7338572;0;72;
1685938140.9338572;0;0;1685938140.9338572;0;59;1685938140.9338572;0;59;
1685938141.1338573;0;0;1685938141.1338573;0;92;1685938141.1338573;0;92;
1685938141.3338573;0;0;1685938141.3338573;0;76;1685938141.3338573;0;76;
1685938141.5338573;0;0;1685938141.5338573;0;43;1685938141.5338573;0;43;
1685938141.7338574;0;0;1685938141.7338574;0;90;1685938141.7338574;0;90;
1685938141.9338574;0;0;1685938141.9338574;0;82;1685938141.9338574;0;82;
1685938142.1338575;0;0;1685938142.1338575;0;82;1685938142.1338575;0;82;
1685938142.3338575;0;0;1685938142.3338575;0;34;1685938142.3338575;0;34;
1685938142.5338576;0;0;1685938142.5338576;0;0;1685938142.5338576;0;0;
1685938142.7338576;0;0;1685938142.7338576;0;219;1685938142.7338576;0;219;
1685938142.9338577;0;0;1685938142.9338577;0;82;1685938142.9338577;0;82;
1685938143.1338577;0;0;1685938143.1338577;0;84;1685938143.1338577;0;84;
1685938143.3338578;0;0;1685938143.3338578;0;78;1685938143.3338578;0;78;
1685938143.5338578;0;0;1685938143.5338578;0;81;1685938143.5338578;0;81;
1685938143.7338579;0;0;1685938143.7338579;0;70;1685938143.7338579;0;70;
1685938143.933858;0;0;1685938143.933858;0;2;1685938143.933858;0;2;
1685938144.133858;0;0;1685938144.133858;0;0;1685938144.133858;0;0;
1685938144.333858;0;0;1685938144.333858;0;0;1685938144.333858;0;0;
1685938144.533858;0;0;1685938144.533858;0;0;1685938144.533858;0;0;
1685938144.733858;0;852;1685938144.733858;0;0;1685938144.733858;0;852;
1685938144.9338582;0;35;1685938144.9338582;0;0;1685938144.9338582;0;35;
1685938145.1338582;0;0;1685938145.1338582;0;0;1685938145.1338582;0;0;
1685938145.3338583;0;0;1685938145.3338583;0;0;1685938145.3338583;0;0;
1685938145.5338583;0;0;1685938145.5338583;0;0;1685938145.5338583;0;0;
1685938145.7338583;0;0;1685938145.7338583;0;0;1685938145.7338583;0;0;
1685938145.9338584;0;0;1685938145.9338584;0;0;1685938145.9338584;0;0;
1685938146.1338584;0;0;1685938146.1338584;0;25;1685938146.1338584;0;25;
1685938146.3338585;0;0;1685938146.3338585;0;71;1685938146.3338585;0;71;
1685938146.5338585;0;0;1685938146.5338585;0;68;1685938146.5338585;0;68;
1685938146.7338586;0;0;1685938146.7338586;0;57;1685938146.7338586;0;57;
1685938146.9338586;0;0;1685938146.9338586;0;0;1685938146.9338586;0;0;
1685938147.1338587;0;0;1685938147.1338587;0;0;1685938147.1338587;0;0;
1685938147.3338587;0;0;1685938147.3338587;0;0;1685938147.3338587;0;0;
1685938147.5338588;0;0;1685938147.5338588;0;0;1685938147.5338588;0;0;
1685938147.7338588;0;833;1685938147.7338588;0;0;1685938147.7338588;0;833;
1685938147.9338589;0;0;1685938147.9338589;0;0;1685938147.9338589;0;0;
1685938148.133859;0;0;1685938148.133859;0;0;1685938148.133859;0;0;
1685938148.333859;0;0;1685938148.333859;0;0;1685938148.333859;2;2;
1685938148.533859;0;0;1685938148.533859;0;0;1685938148.533859;2;2;
1685938148.733859;0;0;1685938148.733859;0;0;1685938148.733859;2;2;
1685938148.933859;0;0;1685938148.933859;0;0;1685938148.933859;0;0;
1685938149.1338592;0;0;1685938149.1338592;0;68;1685938149.1338592;2;70;
1685938149.3338592;0;0;1685938149.3338592;0;0;1685938149.3338592;0;0;
1685938149.5338593;0;0;1685938149.5338593;0;0;1685938149.5338593;0;0;
1685938149.7338593;0;0;1685938149.7338593;0;0;1685938149.7338593;0;0;
1685938149.9338593;0;0;1685938149.9338593;0;0;1685938149.9338593;2;2;
1685938150.1338594;0;0;1685938150.1338594;0;0;1685938150.1338594;0;0;
1685938150.3338594;0;0;1685938150.3338594;0;0;1685938150.3338594;0;0;
1685938150.5338595;0;0;1685938150.5338595;0;0;1685938150.5338595;0;0;
1685938150.7338595;0;0;1685938150.7338595;0;0;1685938150.7338595;0;0;
1685938150.9338596;0;0;1685938150.9338596;0;1;1685938150.9338596;0;1;
1685938151.1338596;0;0;1685938151.1338596;0;0;1685938151.1338596;0;0;
1685938151.3338597;0;0;1685938151.3338597;0;0;1685938151.3338597;0;0;
1685938151.5338597;0;0;1685938151.5338597;0;0;1685938151.5338597;0;0;
1685938151.7338598;0;0;1685938151.7338598;0;0;1685938151.7338598;2;2;
1685938151.9338598;0;0;1685938151.9338598;0;0;1685938151.9338598;0;0;
1685938152.1338599;0;0;1685938152.1338599;0;0;1685938152.1338599;0;0;
1685938152.33386;0;0;1685938152.33386;0;0;1685938152.33386;0;0;
1685938152.53386;0;0;1685938152.53386;0;0;1685938152.53386;0;0;
1685938152.73386;0;0;1685938152.73386;0;0;1685938152.73386;0;0;
1685938152.93386;0;0;1685938152.93386;0;0;1685938152.93386;0;0;
1685938153.13386;0;0;1685938153.13386;0;0;1685938153.13386;0;0;
1685938153.3338602;0;0;1685938153.3338602;0;0;1685938153.3338602;0;0;
1685938153.5338602;0;0;1685938153.5338602;0;0;1685938153.5338602;0;0;
1685938153.7338603;0;0;1685938153.7338603;0;0;1685938153.7338603;0;0;
1685938153.9338603;0;0;1685938153.9338603;0;0;1685938153.9338603;0;0;
1685938154.1338603;0;0;1685938154.1338603;0;0;1685938154.1338603;0;0;
1685938154.3338604;0;0;1685938154.3338604;0;0;1685938154.3338604;0;0;
1685938154.5338604;0;0;1685938154.5338604;0;0;1685938154.5338604;0;0;
1685938154.7338605;0;1;1685938154.7338605;0;0;1685938154.7338605;0;1;
1685938154.9338605;0;0;1685938154.9338605;0;0;1685938154.9338605;0;0;
1685938155.1338606;0;0;1685938155.1338606;0;0;1685938155.1338606;2;2;
1685938155.3338606;0;0;1685938155.3338606;0;0;1685938155.3338606;0;0;
1685938155.5338607;0;0;1685938155.5338607;0;0;1685938155.5338607;0;0;
1685938155.7338607;0;0;1685938155.7338607;0;0;1685938155.7338607;0;0;
1685938155.9338608;0;0;1685938155.9338608;0;0;1685938155.9338608;0;0;
1685938156.1338608;0;0;1685938156.1338608;0;0;1685938156.1338608;0;0;
1685938156.3338609;0;0;1685938156.3338609;0;0;1685938156.3338609;0;0;
1685938156.533861;0;0;1685938156.533861;0;0;1685938156.533861;0;0;
1685938156.733861;0;0;1685938156.733861;0;0;1685938156.733861;0;0;
1685938156.933861;0;0;1685938156.933861;0;0;1685938156.933861;0;0;
1685938157.133861;0;0;1685938157.133861;0;0;1685938157.133861;0;0;
1685938157.333861;0;0;1685938157.333861;0;0;1685938157.333861;0;0;
;;;1685938157.5338612;0;1;1685938157.5338612;0;1;
